date,exchange
2005-01-03,1035.101529
2005-01-04,1034.917669
2005-01-05,1034.030847
2005-01-06,1033.479348
2005-01-07,1033.724272
2005-01-10,1032.437493
2005-01-11,1032.217479
2005-01-12,1031.317134
2005-01-13,1030.777469
2005-01-14,1031.061467
2005-01-17,1030.061206
2005-01-18,1029.990904
2005-01-19,1029.264373
2005-01-20,1028.919868
2005-01-21,1029.417138
2005-01-24,1029.128557
2005-01-25,1029.30663
2005-01-26,1028.827843
2005-01-27,1028.727104
2005-01-28,1029.461213
2005-01-31,1029.819631
2005-02-01,1030.1877
2005-02-02,1029.885279
2005-02-03,1029.947633
2005-02-04,1030.832404
2005-02-07,1031.582177
2005-02-11,1033.040573
2005-02-14,1034.116793
2005-02-15,1034.710162
2005-02-16,1034.627572
2005-02-17,1034.90407
2005-02-18,1035.996172
2005-02-21,1037.301104
2005-02-22,1037.934422
2005-02-23,1037.866144
2005-02-24,1038.126673
2005-02-25,1039.167991
2005-02-28,1040.07148
2005-03-02,1040.131471
2005-03-03,1040.063592
2005-03-04,1040.72618
2005-03-07,1040.213467
2005-03-08,1040.067062
2005-03-09,1039.138107
2005-03-10,1038.463497
2005-03-11,1038.503619
2005-03-14,1036.117426
2005-03-15,1035.37557
2005-03-16,1033.881282
2005-03-17,1032.68039
2005-03-18,1032.24161
2005-03-21,1028.773021
2005-03-22,1027.806131
2005-03-23,1026.16018
2005-03-24,1024.882072
2005-03-25,1024.440055
2005-03-28,1021.377969
2005-03-29,1020.66894
2005-03-30,1019.330678
2005-03-31,1018.401722
2005-04-01,1018.341209
2005-04-04,1016.520485
2005-04-06,1015.28417
2005-04-07,1014.728673
2005-04-08,1015.010094
2005-04-11,1013.970749
2005-04-12,1013.84282
2005-04-13,1013.021768
2005-04-14,1012.539124
2005-04-15,1012.849554
2005-04-18,1011.684553
2005-04-19,1011.466654
2005-04-20,1010.545297
2005-04-21,1009.961128
2005-04-22,1010.178145
2005-04-25,1008.872448
2005-04-26,1008.681725
2005-04-27,1007.836108
2005-04-28,1007.381334
2005-04-29,1007.785024
2005-05-02,1007.394648
2005-05-03,1007.622745
2005-05-04,1007.246157
2005-05-06,1008.256632
2005-05-09,1009.631825
2005-05-10,1010.451978
2005-05-11,1010.649946
2005-05-12,1011.253412
2005-05-13,1012.710871
2005-05-16,1015.257748
2005-05-17,1016.326016
2005-05-18,1016.690521
2005-05-19,1017.375283
2005-05-20,1018.827004
2005-05-23,1020.845438
2005-05-24,1021.580273
2005-05-25,1021.543684
2005-05-26,1021.768622
2005-05-27,1022.711991
2005-05-30,1023.029932
2005-05-31,1023.180595
2005-06-01,1022.571954
2005-06-02,1022.248923
2005-06-03,1022.67962
2005-06-07,1021.634116
2005-06-08,1020.813922
2005-06-09,1020.353196
2005-06-10,1020.72033
2005-06-13,1020.036424
2005-06-14,1020.103087
2005-06-15,1019.531291
2005-06-16,1019.358872
2005-06-17,1020.044063
2005-06-20,1020.383334
2005-06-21,1020.776901
2005-06-22,1020.507018
2005-06-23,1020.601744
2005-06-24,1021.510525
2005-06-27,1022.190432
2005-06-28,1022.571994
2005-06-29,1022.201256
2005-06-30,1022.128978
2005-07-01,1022.806593
2005-07-04,1022.45122
2005-07-05,1022.395021
2005-07-06,1021.576035
2005-07-07,1021.031981
2005-07-08,1021.224158
2005-07-11,1019.431947
2005-07-12,1018.936354
2005-07-13,1017.713105
2005-07-14,1016.807999
2005-07-15,1016.689414
2005-07-18,1014.31974
2005-07-19,1013.761139
2005-07-20,1012.541841
2005-07-21,1011.706951
2005-07-22,1011.722875
2005-07-25,1010.105452
2005-07-26,1009.896599
2005-07-27,1009.065985
2005-07-28,1008.651554
2005-07-29,1009.112233
2005-08-01,1008.898859
2005-08-02,1009.156625
2005-08-03,1008.780423
2005-08-04,1008.802031
2005-08-05,1009.674828
2005-08-08,1010.509315
2005-08-09,1011.042257
2005-08-10,1010.900404
2005-08-11,1011.114355
2005-08-12,1012.136974
2005-08-16,1013.688376
2005-08-17,1013.495289
2005-08-18,1013.62303
2005-08-19,1014.526885
2005-08-22,1015.034341
2005-08-23,1015.3313
2005-08-24,1014.897704
2005-08-25,1014.769324
2005-08-26,1015.404467
2005-08-29,1015.061129
2005-08-30,1015.070191
2005-08-31,1014.352017
2005-09-01,1013.945766
2005-09-02,1014.313208
2005-09-05,1013.263141
2005-09-06,1013.080575
2005-09-07,1012.198526
2005-09-08,1011.65943
2005-09-09,1011.928099
2005-09-12,1010.811521
2005-09-13,1010.689553
2005-09-14,1009.911131
2005-09-15,1009.518645
2005-09-16,1009.976085
2005-09-20,1009.867971
2005-09-21,1009.446779
2005-09-22,1009.430719
2005-09-23,1010.277112
2005-09-26,1011.125608
2005-09-27,1011.697584
2005-09-28,1011.610804
2005-09-29,1011.89351
2005-09-30,1012.995186
2005-10-04,1014.868786
2005-10-05,1014.728497
2005-10-06,1014.885366
2005-10-07,1015.788584
2005-10-10,1016.062944
2005-10-11,1016.191864
2005-10-12,1015.54117
2005-10-13,1015.146238
2005-10-14,1015.466401
2005-10-17,1013.91959
2005-10-18,1013.458993
2005-10-19,1012.248914
2005-10-20,1011.337307
2005-10-21,1011.195517
2005-10-24,1008.696939
2005-10-25,1008.092442
2005-10-26,1006.835391
2005-10-27,1005.977064
2005-10-28,1005.990073
2005-10-31,1004.545694
2005-11-01,1004.472208
2005-11-02,1003.822483
2005-11-03,1003.637007
2005-11-04,1004.376087
2005-11-07,1005.289008
2005-11-08,1006.010615
2005-11-09,1006.134786
2005-11-10,1006.686798
2005-11-11,1008.112412
2005-11-14,1010.65034
2005-11-15,1011.733245
2005-11-16,1012.115307
2005-11-17,1012.81695
2005-11-18,1014.281296
2005-11-21,1016.277348
2005-11-22,1016.973645
2005-11-23,1016.877877
2005-11-24,1017.020222
2005-11-25,1017.85503
2005-11-28,1017.669635
2005-11-29,1017.587347
2005-11-30,1016.710898
2005-12-01,1016.08429
2005-12-02,1016.175038
2005-12-05,1014.022854
2005-12-06,1013.40532
2005-12-07,1012.065725
2005-12-08,1011.052562
2005-12-09,1010.835979
2005-12-12,1008.235991
2005-12-13,1007.618247
2005-12-14,1006.344624
2005-12-15,1005.456671
2005-12-16,1005.327215
2005-12-19,1003.207532
2005-12-20,1002.791798
2005-12-21,1001.725779
2005-12-22,1001.04242
2005-12-23,1001.196039
2005-12-26,999.7953046
2005-12-27,999.559811
2005-12-28,998.6394258
2005-12-29,998.0660646
2005-12-30,998.2942674
2006-01-02,996.9241405
2006-01-03,996.6458093
2006-01-04,995.6636683
2006-01-05,995.0149953
2006-01-06,995.1599687
2006-01-09,993.5492754
2006-01-10,993.2115248
2006-01-11,992.1880913
2006-01-12,991.5199503
2006-01-13,991.6702086
2006-01-16,990.2405337
2006-01-17,990.019415
2006-01-18,989.1393063
2006-01-19,988.6391904
2006-01-20,988.9795584
2006-01-23,988.2196712
2006-01-24,988.242567
2006-01-25,987.6104312
2006-01-26,987.3585445
2006-01-27,987.943967
2006-01-31,988.101595
2006-02-01,987.6628549
2006-02-02,987.5907285
2006-02-03,988.3425011
2006-02-06,988.6984421
2006-02-07,989.0518437
2006-02-08,988.7304533
2006-02-09,988.7710731
2006-02-10,989.632716
2006-02-13,990.3140244
2006-02-14,990.776668
2006-02-15,990.5646587
2006-02-16,990.713718
2006-02-17,991.6811247
2006-02-20,992.6369181
2006-02-21,993.1651013
2006-02-22,992.9987252
2006-02-23,993.1689426
2006-02-24,994.1283825
2006-02-27,994.8411088
2006-02-28,995.2022335
2006-03-02,994.7260013
2006-03-03,995.3697312
2006-03-06,994.8384985
2006-03-07,994.694314
2006-03-08,993.7692411
2006-03-09,993.0984869
2006-03-10,993.1406887
2006-03-13,990.7325064
2006-03-14,989.9683296
2006-03-15,988.4417188
2006-03-16,987.1972466
2006-03-17,986.7025954
2006-03-20,982.9860641
2006-03-21,981.9089488
2006-03-22,980.1393079
2006-03-23,978.7246687
2006-03-24,978.1341737
2006-03-27,974.5674945
2006-03-28,973.6756796
2006-03-29,972.1502456
2006-03-30,971.0315883
2006-03-31,970.7807083
2006-04-03,968.4026067
2006-04-04,967.9310123
2006-04-05,966.8215018
2006-04-06,966.1052049
2006-04-07,966.2345518
2006-04-10,964.7936672
2006-04-11,964.5493946
2006-04-12,963.6196578
2006-04-13,963.0349352
2006-04-14,963.2486119
2006-04-17,961.8099104
2006-04-18,961.5006246
2006-04-19,960.4848721
2006-04-20,959.8015892
2006-04-21,959.9131746
2006-04-24,958.2398543
2006-04-25,957.9061624
2006-04-26,956.9063975
2006-04-27,956.2861821
2006-04-28,956.5133499
2006-05-02,955.5496777
2006-05-03,954.9553606
2006-05-04,954.7921642
2006-05-08,956.2417952
2006-05-09,956.8550523
2006-05-10,956.855334
2006-05-11,957.2721669
2006-05-12,958.5556701
2006-05-15,960.6688489
2006-05-16,961.6243714
2006-05-17,961.8923811
2006-05-18,962.4965597
2006-05-19,963.8829115
2006-05-22,965.7845822
2006-05-23,966.5015132
2006-05-24,966.4542285
2006-05-25,966.6734462
2006-05-26,967.6137456
2006-05-29,967.9149565
2006-05-30,968.0500659
2006-06-01,967.0605004
2006-06-02,967.4457247
2006-06-05,966.3178593
2006-06-07,965.1528187
2006-06-08,964.5660568
2006-06-09,964.8488752
2006-06-12,963.8528287
2006-06-13,963.8013924
2006-06-14,963.1077228
2006-06-15,962.8117491
2006-06-16,963.3738175
2006-06-19,963.366602
2006-06-20,963.6584357
2006-06-21,963.2962957
2006-06-22,963.3094333
2006-06-23,964.1482052
2006-06-26,964.6920452
2006-06-27,965.0528173
2006-06-28,964.6951387
2006-06-29,964.6464585
2006-06-30,965.3570271
2006-07-03,965.1416887
2006-07-04,965.1401393
2006-07-05,964.3766797
2006-07-06,963.8871197
2006-07-07,964.1308853
2006-07-10,962.458658
2006-07-11,961.9864136
2006-07-12,960.7761403
2006-07-13,959.8727414
2006-07-14,959.7439474
2006-07-18,956.6516127
2006-07-19,955.3616406
2006-07-20,954.4454656
2006-07-21,954.3704576
2006-07-24,952.4341248
2006-07-25,952.1080053
2006-07-26,951.1569807
2006-07-27,950.6204115
2006-07-28,950.9586099
2006-07-31,950.3885832
2006-08-01,950.5348631
2006-08-02,950.0524806
2006-08-03,949.9739761
2006-08-04,950.7533523
2006-08-07,951.3518467
2006-08-08,951.8215897
2006-08-09,951.6243224
2006-08-10,951.7905116
2006-08-11,952.7728055
2006-08-14,953.72572
2006-08-16,954.0287612
2006-08-17,954.1528116
2006-08-18,955.0574208
2006-08-21,955.5885705
2006-08-22,955.8987987
2006-08-23,955.4802598
2006-08-24,955.3681727
2006-08-25,956.0202827
2006-08-28,955.7260853
2006-08-29,955.748926
2006-08-30,955.0421834
2006-08-31,954.6443732
2006-09-01,955.0166135
2006-09-04,953.952671
2006-09-05,953.7540212
2006-09-06,952.8492416
2006-09-07,952.2803045
2006-09-08,952.5116461
2006-09-11,951.2359608
2006-09-12,951.0451484
2006-09-13,950.1902889
2006-09-14,949.714196
2006-09-15,950.081448
2006-09-18,949.4615049
2006-09-19,949.5642351
2006-09-20,949.0343497
2006-09-21,948.9097302
2006-09-22,949.6492071
2006-09-25,950.2023635
2006-09-26,950.6894667
2006-09-27,950.5269852
2006-09-28,950.7444154
2006-09-29,951.7923231
2006-10-02,952.9923082
2006-10-04,953.4516802
2006-10-09,955.0196592
2006-10-10,955.2205861
2006-10-11,954.6460531
2006-10-12,954.3292238
2006-10-13,954.7271051
2006-10-16,953.3872301
2006-10-17,952.9790535
2006-10-18,951.8094743
2006-10-19,950.9245318
2006-10-20,950.7939073
2006-10-23,948.2237901
2006-10-24,947.5581827
2006-10-25,946.2212224
2006-10-26,945.2646857
2006-10-27,945.1620782
2006-10-30,943.2809604
2006-10-31,943.0384498
2006-11-01,942.211934
2006-11-02,941.844592
2006-11-03,942.3995528
2006-11-06,942.775534
2006-11-07,943.3327365
2006-11-08,943.3041887
2006-11-09,943.7174875
2006-11-10,945.0204329
2006-11-13,947.3018657
2006-11-14,948.3395953
2006-11-15,948.6971895
2006-11-16,949.3947701
2006-11-17,950.8747467
2006-11-20,953.0230306
2006-11-21,953.7992583
2006-11-22,953.7943767
2006-11-23,954.036082
2006-11-24,954.9761278
2006-11-27,955.1152228
2006-11-28,955.1354433
2006-11-29,954.3547095
2006-11-30,953.8974473
2006-12-01,954.1468485
2006-12-04,952.3928789
2006-12-05,951.8793061
2006-12-06,950.6287221
2006-12-07,949.6897958
2006-12-08,949.5331747
2006-12-11,947.0367158
2006-12-12,946.4323092
2006-12-13,945.1640234
2006-12-14,944.2751304
2006-12-15,944.2296182
2006-12-18,942.3521098
2006-12-19,942.0192671
2006-12-20,941.0395737
2006-12-21,940.4471072
2006-12-22,940.6971039
2006-12-26,939.5113183
2006-12-27,938.7202075
2006-12-28,938.2821721
2006-12-29,938.6511025
2007-01-02,937.601825
2007-01-03,936.7733937
2007-01-04,936.2778444
2007-01-05,936.5743309
2007-01-08,935.3996149
2007-01-09,935.1986517
2007-01-10,934.3069291
2007-01-11,933.7651807
2007-01-12,934.0364371
2007-01-15,932.9389904
2007-01-16,932.8195933
2007-01-17,932.0376005
2007-01-18,931.6326638
2007-01-19,932.065993
2007-01-22,931.5790546
2007-01-23,931.6933
2007-01-24,931.1537332
2007-01-25,930.9961348
2007-01-26,931.6779634
2007-01-29,931.9102366
2007-01-30,932.2464683
2007-01-31,931.9168118
2007-02-01,931.9559891
2007-02-02,932.8209866
2007-02-05,933.5245496
2007-02-06,933.9952407
2007-02-07,933.7912922
2007-02-08,933.9492571
2007-02-09,934.9279829
2007-02-12,935.9588985
2007-02-13,936.5381042
2007-02-14,936.4432692
2007-02-15,936.7106564
2007-02-16,937.7981941
2007-02-20,939.7965227
2007-02-21,939.7715136
2007-02-22,940.0899324
2007-02-23,941.2051823
2007-02-26,942.4370684
2007-02-27,942.9897726
2007-02-28,942.8093276
2007-03-02,943.7877287
2007-03-05,943.9595545
2007-03-06,944.0614242
2007-03-07,943.3860357
2007-03-08,942.9670362
2007-03-09,943.2613961
2007-03-12,941.5946055
2007-03-13,941.0667083
2007-03-14,939.7681931
2007-03-15,938.7421566
2007-03-16,938.4549792
2007-03-19,935.2853775
2007-03-20,934.3634461
2007-03-21,932.7351445
2007-03-22,931.448267
2007-03-23,930.9725104
2007-03-26,927.6814489
2007-03-27,926.8629845
2007-03-28,925.4042784
2007-03-29,924.347506
2007-03-30,924.1555148
2007-04-02,921.9545708
2007-04-03,921.5480067
2007-04-04,920.5090893
2007-04-05,919.8702052
2007-04-06,920.0847999
2007-04-09,918.9526866
2007-04-10,918.8295403
2007-04-11,918.0295424
2007-04-12,917.5824429
2007-04-13,917.9406347
2007-04-16,916.9636008
2007-04-17,916.8123416
2007-04-18,915.9538134
2007-04-19,915.4251833
2007-04-20,915.6871233
2007-04-23,914.4235137
2007-04-24,914.2083171
2007-04-25,913.3164559
2007-04-26,912.7930437
2007-04-27,913.1057193
2007-04-30,912.3179804
2007-05-02,911.8217265
2007-05-03,911.6901132
2007-05-04,912.4474198
2007-05-07,913.2466983
2007-05-08,913.8925264
2007-05-09,913.9320517
2007-05-10,914.3968486
2007-05-11,915.7389267
2007-05-14,918.1070344
2007-05-15,919.1777085
2007-05-16,919.5770324
2007-05-17,920.328804
2007-05-18,921.8787791
2007-05-21,924.3597033
2007-05-22,925.2949452
2007-05-23,925.4757566
2007-05-25,927.1124996
2007-05-28,928.1478736
2007-05-29,928.5232702
2007-05-30,928.1250909
2007-05-31,927.9945606
2007-06-01,928.5966017
2007-06-04,928.0477173
2007-06-05,927.9821081
2007-06-07,926.7530335
2007-06-08,927.1072877
2007-06-11,926.2560974
2007-06-12,926.2345335
2007-06-13,925.5644554
2007-06-14,925.2877857
2007-06-15,925.8669501
2007-06-18,925.9187412
2007-06-19,926.2394905
2007-06-20,925.9138936
2007-06-21,925.9727108
2007-06-22,926.8675588
2007-06-25,927.6503254
2007-06-26,928.1155359
2007-06-27,927.874518
2007-06-28,927.9541508
2007-06-29,928.8038271
2007-07-02,929.0582414
2007-07-03,929.2256248
2007-07-04,928.6343404
2007-07-05,928.31831
2007-07-06,928.735049
2007-07-09,927.55991
2007-07-10,927.2404146
2007-07-11,926.1739596
2007-07-12,925.404266
2007-07-13,925.3981099
2007-07-16,923.2193251
2007-07-18,921.4469945
2007-07-19,920.5809725
2007-07-20,920.5452913
2007-07-23,918.6719806
2007-07-24,918.3525618
2007-07-25,917.4033226
2007-07-26,916.8650388
2007-07-27,917.1994428
2007-07-30,916.6192249
2007-07-31,916.7667126
2007-08-01,916.2896969
2007-08-02,916.2216516
2007-08-03,917.0173777
2007-08-06,917.7061395
2007-08-07,918.2209725
2007-08-08,918.0765958
2007-08-09,918.3034758
2007-08-10,919.3541556
2007-08-13,920.5560389
2007-08-14,921.1572766
2007-08-16,921.29018
2007-08-17,922.3079504
2007-08-20,923.2039421
2007-08-21,923.6424879
2007-08-22,923.3547305
2007-08-23,923.3753477
2007-08-24,924.1615368
2007-08-27,924.2721787
2007-08-28,924.428883
2007-08-29,923.8544485
2007-08-30,923.58676
2007-08-31,924.0862926
2007-09-03,923.3807606
2007-09-04,923.2916327
2007-09-05,922.490395
2007-09-06,922.0184779
2007-09-07,922.3398385
2007-09-10,921.2886912
2007-09-11,921.1569198
2007-09-12,920.3532049
2007-09-13,919.9205828
2007-09-14,920.3240146
2007-09-17,919.7751656
2007-09-18,919.8920261
2007-09-19,919.3733255
2007-09-20,919.2582489
2007-09-21,920.0070373
2007-09-27,921.2386236
2007-09-28,922.336583
2007-10-01,923.7577723
2007-10-02,924.445177
2007-10-04,924.7387406
2007-10-05,925.8187718
2007-10-08,926.753824
2007-10-09,927.1367439
2007-10-10,926.7508944
2007-10-11,926.6274324
2007-10-12,927.2211888
2007-10-15,926.4606282
2007-10-16,926.2348226
2007-10-17,925.2383633
2007-10-18,924.5151321
2007-10-19,924.532841
2007-10-22,922.3115959
2007-10-23,921.7265092
2007-10-24,920.4512122
2007-10-25,919.5374783
2007-10-26,919.4592104
2007-10-29,917.5502143
2007-10-30,917.2699183
2007-10-31,916.3947622
2007-11-01,915.9703684
2007-11-02,916.4625143
2007-11-05,916.6438019
2007-11-06,917.1436535
2007-11-07,917.0662151
2007-11-08,917.4416888
2007-11-09,918.72026
2007-11-12,921.0287804
2007-11-13,922.1137084
2007-11-14,922.5389951
2007-11-15,923.3249862
2007-11-16,925.3644379
2007-11-19,929.3061922
2007-11-20,930.7140313
2007-11-21,931.3545615
2007-11-22,932.2532284
2007-11-23,933.8593441
2007-11-26,936.0252534
2007-11-27,936.7218085
2007-11-28,936.6135182
2007-11-29,936.7399565
2007-11-30,937.5646813
2007-12-03,937.4690189
2007-12-04,937.4814041
2007-12-05,936.7420857
2007-12-06,936.2994823
2007-12-07,936.6243347
2007-12-10,935.4889087
2007-12-11,935.3136906
2007-12-12,934.4645791
2007-12-13,933.986443
2007-12-14,934.3449736
2007-12-17,933.6569367
2007-12-18,933.7187734
2007-12-20,932.9425756
2007-12-21,933.5964157
2007-12-24,933.7692985
2007-12-26,933.7291697
2007-12-27,933.7330029
2007-12-28,934.5499882
2007-12-31,935.0002561
2008-01-02,934.9790986
2008-01-03,934.9514265
2008-01-04,935.7154694
2008-01-07,935.9314872
2008-01-08,936.1872543
2008-01-09,935.7477187
2008-01-10,935.6531672
2008-01-11,936.3663471
2008-01-14,936.5626635
2008-01-15,936.8645076
2008-01-16,936.4994218
2008-01-17,936.5076298
2008-01-18,937.3509943
2008-01-21,938.082712
2008-01-22,938.6018062
2008-01-23,938.4675606
2008-01-24,938.7163635
2008-01-25,939.8061968
2008-01-28,941.2758072
2008-01-29,942.0296032
2008-01-30,942.1201283
2008-01-31,942.5819829
2008-02-01,943.8719424
2008-02-04,945.8610194
2008-02-05,946.7625501
2008-02-11,951.3138906
2008-02-12,952.3236598
2008-02-13,952.6594923
2008-02-14,953.3580423
2008-02-15,954.8777503
2008-02-18,957.5217818
2008-02-19,958.6286515
2008-02-20,959.0518437
2008-02-21,959.8242383
2008-02-22,961.4000929
2008-02-25,964.0610197
2008-02-26,965.1077231
2008-02-27,965.4306769
2008-02-28,966.0590785
2008-02-29,967.444138
2008-03-03,969.2338259
2008-03-04,969.889424
2008-03-05,969.773142
2008-03-06,969.9172482
2008-03-07,970.7771857
2008-03-10,970.8051578
2008-03-11,970.8356794
2008-03-12,970.0894302
2008-03-13,969.6078673
2008-03-14,969.8558577
2008-03-17,968.2234686
2008-03-18,967.788145
2008-03-19,966.6326836
2008-03-20,965.8047806
2008-03-21,965.7743269
2008-03-24,963.7433537
2008-03-25,963.3230302
2008-03-26,962.2537836
2008-03-27,961.5794194
2008-03-28,961.7645401
2008-03-31,960.6816104
2008-04-01,960.6493908
2008-04-02,959.9885222
2008-04-03,959.7329017
2008-04-04,960.3372868
2008-04-07,960.4231582
2008-04-08,960.7239721
2008-04-10,960.3517857
2008-04-11,961.1599004
2008-04-14,961.5707196
2008-04-15,961.8902108
2008-04-16,961.5038212
2008-04-17,961.44697
2008-04-18,962.1785577
2008-04-21,962.2941388
2008-04-22,962.5237035
2008-04-23,962.0670585
2008-04-24,961.9684453
2008-04-25,962.6949178
2008-04-28,963.0814319
2008-04-29,963.5123684
2008-04-30,963.3166297
2008-05-02,964.6427176
2008-05-06,967.4516242
2008-05-07,967.8365734
2008-05-08,968.6529365
2008-05-09,970.354802
2008-05-13,975.3504431
2008-05-14,976.175126
2008-05-15,978.8514848
2008-05-16,982.342331
2008-05-19,990.7401982
2008-05-20,993.6763165
2008-05-21,995.8700355
2008-05-22,998.3482645
2008-05-23,1001.561392
2008-05-26,1008.718527
2008-05-27,1011.135881
2008-05-28,1012.776472
2008-05-29,1014.679326
2008-05-30,1017.307333
2008-06-02,1022.774885
2008-06-03,1024.69003
2008-06-04,1025.876256
2008-06-05,1027.381169
2008-06-09,1034.564301
2008-06-10,1036.434236
2008-06-11,1037.647086
2008-06-12,1039.246586
2008-06-13,1041.697123
2008-06-16,1047.355066
2008-06-17,1049.548828
2008-06-18,1051.101691
2008-06-19,1053.046184
2008-06-20,1055.835489
2008-06-23,1062.366189
2008-06-24,1064.771416
2008-06-25,1066.482917
2008-06-26,1068.527387
2008-06-27,1071.353722
2008-06-30,1077.599851
2008-07-01,1079.780757
2008-07-02,1081.208497
2008-07-03,1082.915196
2008-07-04,1085.356494
2008-07-07,1090.247029
2008-07-08,1091.940662
2008-07-09,1092.880169
2008-07-10,1094.107835
2008-07-11,1096.089201
2008-07-14,1099.805037
2008-07-15,1101.201455
2008-07-16,1101.901269
2008-07-17,1102.951134
2008-07-18,1104.819625
2008-07-21,1108.59634
2008-07-22,1110.142888
2008-07-23,1111.052986
2008-07-24,1112.368775
2008-07-25,1114.553395
2008-07-28,1119.514797
2008-07-29,1121.510986
2008-07-30,1122.885489
2008-07-31,1124.672868
2008-08-01,1127.32889
2008-08-04,1133.635395
2008-08-05,1136.036935
2008-08-06,1137.786901
2008-08-07,1139.915907
2008-08-08,1142.876524
2008-08-11,1149.853814
2008-08-12,1152.394539
2008-08-13,1154.241385
2008-08-14,1156.425743
2008-08-18,1166.200399
2008-08-19,1168.61462
2008-08-20,1170.30567
2008-08-21,1172.307693
2008-08-22,1175.077347
2008-08-25,1181.145224
2008-08-26,1183.288061
2008-08-27,1184.698972
2008-08-28,1186.415229
2008-08-29,1188.896679
2008-09-01,1194.118298
2008-09-02,1195.996525
2008-09-03,1197.157404
2008-09-04,1198.641766
2008-09-05,1200.913015
2008-09-08,1205.668608
2008-09-09,1207.457023
2008-09-10,1208.56553
2008-09-11,1210.037201
2008-09-12,1212.337183
2008-09-16,1219.42326
2008-09-17,1220.770805
2008-09-18,1222.518722
2008-09-19,1225.128525
2008-09-22,1231.30882
2008-09-23,1233.687288
2008-09-24,1235.42913
2008-09-25,1237.566774
2008-09-26,1240.553514
2008-09-29,1247.704452
2008-09-30,1250.326167
2008-10-01,1252.258782
2008-10-02,1254.52842
2008-10-06,1264.518126
2008-10-07,1266.923365
2008-10-08,1268.568736
2008-10-09,1270.483655
2008-10-10,1273.120996
2008-10-13,1278.50039
2008-10-14,1280.316472
2008-10-15,1281.355531
2008-10-16,1282.659131
2008-10-17,1284.692786
2008-10-20,1288.435035
2008-10-21,1289.804628
2008-10-22,1290.465708
2008-10-23,1291.469558
2008-10-24,1293.289976
2008-10-27,1296.968619
2008-10-28,1298.51834
2008-10-29,1299.459655
2008-10-30,1300.840304
2008-10-31,1303.12845
2008-11-03,1308.670248
2008-11-04,1309.425101
2008-11-05,1309.607646
2008-11-06,1310.250885
2008-11-07,1311.807655
2008-11-10,1315.036474
2008-11-11,1316.462959
2008-11-12,1317.249427
2008-11-13,1318.416973
2008-11-14,1320.408135
2008-11-17,1324.326236
2008-11-18,1325.76358
2008-11-19,1326.449881
2008-11-20,1327.408646
2008-11-21,1329.086991
2008-11-24,1331.517717
2008-11-25,1332.309865
2008-11-26,1332.296429
2008-11-27,1332.514445
2008-11-28,1333.425077
2008-12-01,1333.532418
2008-12-02,1333.588681
2008-12-03,1332.879352
2008-12-04,1332.452162
2008-12-05,1332.777516
2008-12-08,1331.555844
2008-12-09,1331.324776
2008-12-10,1330.408027
2008-12-11,1329.851863
2008-12-12,1330.123537
2008-12-15,1329.139077
2008-12-16,1329.096022
2008-12-17,1328.407667
2008-12-18,1328.111029
2008-12-19,1328.663949
2008-12-22,1328.562117
2008-12-23,1328.798275
2008-12-24,1328.369614
2008-12-26,1329.065131
2008-12-29,1329.372901
2008-12-30,1329.674965
2008-12-31,1329.278725
2009-01-02,1329.950518
2009-01-05,1330.066752
2009-01-06,1330.284502
2009-01-07,1329.803182
2009-01-08,1329.66244
2009-01-09,1330.324536
2009-01-12,1330.33582
2009-01-13,1330.565404
2009-01-14,1330.123159
2009-01-15,1330.049746
2009-01-16,1330.807576
2009-01-19,1331.26584
2009-01-20,1331.690584
2009-01-21,1331.461611
2009-01-22,1331.615995
2009-01-23,1332.612345
2009-01-28,1334.488467
2009-01-29,1334.870295
2009-01-30,1336.082763
2009-02-02,1337.852308
2009-02-03,1338.683912
2009-02-04,1338.842439
2009-02-05,1339.363746
2009-02-06,1340.706076
2009-02-09,1342.825536
2009-02-10,1343.766535
2009-02-11,1344.033389
2009-02-12,1344.662987
2009-02-13,1346.114129
2009-02-16,1348.560163
2009-02-17,1349.60591
2009-02-18,1349.971769
2009-02-19,1350.691497
2009-02-20,1352.22024
2009-02-23,1354.781517
2009-02-24,1355.811294
2009-02-25,1356.126369
2009-02-26,1356.756244
2009-02-27,1358.152246
2009-03-02,1360.029624
2009-03-03,1360.730995
2009-03-04,1360.667339
2009-03-05,1360.869769
2009-03-06,1361.792388
2009-03-09,1362.019042
2009-03-10,1362.113681
2009-03-11,1361.42756
2009-03-12,1361.000397
2009-03-13,1361.295395
2009-03-16,1359.744998
2009-03-17,1359.313354
2009-03-18,1358.148332
2009-03-19,1357.29717
2009-03-20,1357.229589
2009-03-23,1355.006677
2009-03-24,1354.497818
2009-03-25,1353.329557
2009-03-26,1352.547114
2009-03-27,1352.616684
2009-03-30,1351.159956
2009-03-31,1351.000249
2009-04-01,1350.213493
2009-04-02,1349.835285
2009-04-03,1350.321937
2009-04-06,1350.096229
2009-04-07,1350.30998
2009-04-08,1349.865158
2009-04-09,1349.791151
2009-04-10,1350.539398
2009-04-13,1350.816607
2009-04-14,1351.103212
2009-04-15,1350.687399
2009-04-16,1350.60294
2009-04-17,1351.307
2009-04-20,1351.322918
2009-04-21,1351.507997
2009-04-22,1350.998771
2009-04-23,1350.838291
2009-04-24,1350.043024
2009-04-27,1345.797921
2009-04-28,1344.662749
2009-04-29,1342.890548
2009-04-30,1341.526386
2009-05-04,1338.04322
2009-05-06,1336.197405
2009-05-07,1335.408784
2009-05-08,1335.511272
2009-05-11,1334.282258
2009-05-12,1334.205326
2009-05-13,1333.486895
2009-05-14,1333.152307
2009-05-15,1333.648177
2009-05-18,1333.158083
2009-05-19,1333.162448
2009-05-20,1332.438278
2009-05-21,1332.011052
2009-05-22,1332.329453
2009-05-25,1330.846496
2009-05-26,1330.391036
2009-05-27,1329.158514
2009-05-28,1328.185637
2009-05-29,1327.933062
2009-06-01,1324.710016
2009-06-02,1323.706587
2009-06-03,1321.961393
2009-06-04,1320.521331
2009-06-05,1319.855986
2009-06-08,1315.787233
2009-06-09,1314.64611
2009-06-10,1312.837353
2009-06-11,1311.406251
2009-06-12,1310.818959
2009-06-15,1307.339853
2009-06-16,1306.487035
2009-06-17,1304.996336
2009-06-18,1303.902244
2009-06-19,1303.659755
2009-06-22,1301.15083
2009-06-23,1300.565157
2009-06-24,1299.298048
2009-06-25,1298.376406
2009-06-26,1298.249023
2009-06-29,1295.702702
2009-06-30,1294.972411
2009-07-01,1293.496521
2009-07-02,1292.305523
2009-07-03,1291.853288
2009-07-06,1288.069427
2009-07-07,1286.86736
2009-07-08,1284.906031
2009-07-09,1283.226083
2009-07-10,1282.291574
2009-07-13,1277.198442
2009-07-14,1275.635323
2009-07-15,1273.363232
2009-07-16,1271.42875
2009-07-17,1270.300629
2009-07-20,1265.019123
2009-07-21,1263.52622
2009-07-22,1261.388638
2009-07-23,1259.649786
2009-07-24,1258.774154
2009-07-27,1254.535212
2009-07-28,1253.462768
2009-07-29,1251.769942
2009-07-30,1250.492518
2009-07-31,1250.087382
2009-08-03,1247.241596
2009-08-04,1246.60519
2009-08-05,1245.324482
2009-08-06,1244.430393
2009-08-07,1244.375673
2009-08-10,1242.353522
2009-08-11,1241.90946
2009-08-12,1240.778574
2009-08-13,1239.991887
2009-08-14,1240.002801
2009-08-17,1237.940352
2009-08-18,1237.41008
2009-08-19,1236.16043
2009-08-20,1235.225017
2009-08-21,1235.059967
2009-08-24,1232.334712
2009-08-25,1231.54832
2009-08-26,1230.029956
2009-08-27,1228.816302
2009-08-28,1228.366596
2009-08-31,1224.780971
2009-09-01,1223.716707
2009-09-02,1221.930643
2009-09-03,1220.462979
2009-09-04,1219.77651
2009-09-07,1215.619425
2009-09-08,1214.422316
2009-09-09,1212.537479
2009-09-10,1211.007856
2009-09-11,1210.298592
2009-09-14,1206.323975
2009-09-15,1205.273476
2009-09-16,1203.57741
2009-09-17,1202.277059
2009-09-18,1201.835044
2009-09-21,1198.851569
2009-09-22,1198.177495
2009-09-23,1196.870383
2009-09-24,1195.964222
2009-09-25,1195.913837
2009-09-28,1194.007538
2009-09-29,1193.632232
2009-09-30,1192.580402
2009-10-01,1191.878758
2009-10-05,1190.117177
2009-10-06,1189.616033
2009-10-07,1188.365745
2009-10-08,1187.394303
2009-10-09,1187.1529
2009-10-12,1183.921795
2009-10-13,1183.902225
2009-10-14,1183.102257
2009-10-15,1182.561054
2009-10-16,1182.741788
2009-10-19,1180.855109
2009-10-20,1180.318864
2009-10-21,1179.056943
2009-10-22,1178.119671
2009-10-23,1177.980262
2009-10-26,1175.667155
2009-10-27,1175.184191
2009-10-28,1174.077069
2009-10-29,1173.395254
2009-10-30,1173.608951
2009-11-02,1172.879817
2009-11-03,1173.069704
2009-11-04,1172.688653
2009-11-05,1172.772563
2009-11-06,1173.777096
2009-11-09,1175.417691
2009-11-10,1176.345064
2009-11-11,1176.650547
2009-11-12,1177.356481
2009-11-13,1178.906257
2009-11-16,1181.623781
2009-11-17,1182.700786
2009-11-18,1183.045002
2009-11-19,1183.678385
2009-11-20,1185.046187
2009-11-23,1186.611921
2009-11-24,1187.129628
2009-11-25,1186.844305
2009-11-26,1186.790346
2009-11-27,1187.426349
2009-11-30,1186.670512
2009-12-01,1186.419266
2009-12-02,1185.389883
2009-12-03,1184.628977
2009-12-04,1184.606178
2009-12-07,1182.250909
2009-12-08,1181.613108
2009-12-09,1180.276394
2009-12-10,1179.28816
2009-12-11,1179.117006
2009-12-14,1176.755378
2009-12-15,1176.242787
2009-12-16,1175.082591
2009-12-17,1174.313509
2009-12-18,1174.39498
2009-12-21,1172.898445
2009-12-22,1172.679838
2009-12-23,1171.802717
2009-12-24,1171.298787
2009-12-28,1170.663394
2009-12-29,1170.554785
2009-12-30,1169.752247
2009-12-31,1169.288892
2010-01-04,1168.538939
2010-01-05,1168.355018
2010-01-06,1167.469251
2010-01-07,1166.920476
2010-01-08,1167.170278
2010-01-11,1165.914664
2010-01-12,1165.711275
2010-01-13,1164.830793
2010-01-14,1164.314153
2010-01-15,1164.624174
2010-01-18,1163.717181
2010-01-19,1163.681818
2010-01-20,1162.991445
2010-01-21,1162.683874
2010-01-22,1163.218411
2010-01-25,1163.039608
2010-01-26,1163.252474
2010-01-27,1162.807156
2010-01-28,1162.738407
2010-01-29,1163.502939
2010-02-01,1163.943335
2010-02-02,1164.335961
2010-02-03,1164.056993
2010-02-04,1164.14191
2010-02-05,1165.048581
2010-02-08,1165.862235
2010-02-09,1166.367607
2010-02-10,1166.19851
2010-02-11,1166.391909
2010-02-12,1167.406807
2010-02-16,1169.161555
2010-02-17,1169.098221
2010-02-18,1169.392331
2010-02-19,1170.499901
2010-02-22,1171.833112
2010-02-23,1172.468082
2010-02-24,1172.396781
2010-02-25,1172.649224
2010-02-26,1173.677086
2010-03-02,1174.876443
2010-03-03,1174.489432
2010-03-04,1174.375619
2010-03-05,1174.988001
2010-03-08,1174.306232
2010-03-09,1174.100231
2010-03-10,1173.111692
2010-03-11,1172.378564
2010-03-12,1172.362297
2010-03-15,1169.830013
2010-03-16,1169.050293
2010-03-17,1167.524901
2010-03-18,1166.300286
2010-03-19,1165.845641
2010-03-22,1162.378904
2010-03-23,1161.429017
2010-03-24,1159.807782
2010-03-25,1158.561563
2010-03-26,1158.157921
2010-03-29,1155.241144
2010-03-30,1154.587239
2010-03-31,1153.305619
2010-04-01,1152.433703
2010-04-02,1152.429534
2010-04-05,1150.763702
2010-04-06,1150.512158
2010-04-07,1149.610764
2010-04-08,1149.089295
2010-04-09,1149.399272
2010-04-12,1148.413161
2010-04-13,1148.293191
2010-04-14,1147.476127
2010-04-15,1146.994272
2010-04-16,1147.303174
2010-04-19,1146.129677
2010-04-20,1145.911147
2010-04-21,1144.991992
2010-04-22,1144.413819
2010-04-23,1144.641496
2010-04-26,1143.402505
2010-04-27,1143.247042
2010-04-28,1142.44347
2010-04-29,1142.037396
2010-04-30,1142.496119
2010-05-03,1142.302771
2010-05-04,1142.604327
2010-05-06,1142.437804
2010-05-07,1143.466284
2010-05-10,1145.054046
2010-05-11,1145.935632
2010-05-12,1146.188394
2010-05-13,1146.839042
2010-05-14,1148.335251
2010-05-17,1150.942396
2010-05-18,1152.011327
2010-05-19,1152.366938
2010-05-20,1153.03367
2010-05-24,1156.355546
2010-05-25,1157.039516
2010-05-26,1156.949075
2010-05-27,1157.118569
2010-05-28,1158.006321
2010-05-31,1158.170129
2010-06-01,1158.277872
2010-06-03,1157.279355
2010-06-04,1157.68766
2010-06-07,1156.75674
2010-06-08,1156.634731
2010-06-09,1155.832956
2010-06-10,1155.397936
2010-06-11,1155.797322
2010-06-14,1155.239829
2010-06-15,1155.354755
2010-06-16,1154.83223
2010-06-17,1154.708822
2010-06-18,1155.441517
2010-06-21,1155.902734
2010-06-22,1156.326771
2010-06-23,1156.08095
2010-06-24,1156.192782
2010-06-25,1157.11135
2010-06-28,1157.775909
2010-06-29,1158.138128
2010-06-30,1157.764104
2010-07-01,1157.68292
2010-07-02,1158.346856
2010-07-05,1157.931782
2010-07-06,1157.853122
2010-07-07,1157.012294
2010-07-08,1156.448143
2010-07-09,1156.623049
2010-07-12,1154.805575
2010-07-13,1154.313075
2010-07-14,1153.099688
2010-07-15,1152.211599
2010-07-16,1152.117424
2010-07-19,1149.865407
2010-07-20,1149.360131
2010-07-21,1148.20053
2010-07-22,1147.431129
2010-07-23,1147.517662
2010-07-26,1146.135079
2010-07-27,1146.009409
2010-07-28,1145.263014
2010-07-29,1144.933007
2010-07-30,1145.477517
2010-08-02,1145.504911
2010-08-03,1145.837306
2010-08-04,1145.532088
2010-08-05,1145.620663
2010-08-06,1146.55612
2010-08-09,1147.551084
2010-08-10,1148.128173
2010-08-11,1148.025874
2010-08-12,1148.274914
2010-08-13,1149.328338
2010-08-16,1150.429855
2010-08-17,1150.964805
2010-08-18,1150.784821
2010-08-19,1150.922998
2010-08-20,1151.834936
2010-08-23,1152.355686
2010-08-24,1152.654498
2010-08-25,1152.222015
2010-08-26,1152.094342
2010-08-27,1152.73013
2010-08-30,1152.391941
2010-08-31,1152.40503
2010-09-01,1151.692677
2010-09-02,1151.294433
2010-09-03,1151.672456
2010-09-06,1150.673331
2010-09-07,1150.515294
2010-09-08,1149.662042
2010-09-09,1149.156237
2010-09-10,1149.46286
2010-09-13,1148.488711
2010-09-14,1148.423517
2010-09-15,1147.706176
2010-09-16,1147.378723
2010-09-17,1147.904696
2010-09-20,1147.807103
2010-09-24,1148.136624
2010-09-27,1148.741151
2010-09-28,1149.22192
2010-09-29,1149.037675
2010-09-30,1149.216006
2010-10-01,1150.205866
2010-10-04,1151.107258
2010-10-05,1151.552376
2010-10-06,1151.260463
2010-10-07,1151.258434
2010-10-08,1151.996123
2010-10-11,1151.743043
2010-10-12,1151.689553
2010-10-13,1150.855281
2010-10-14,1150.276999
2010-10-15,1150.415476
2010-10-18,1148.347876
2010-10-19,1147.726273
2010-10-20,1146.363495
2010-10-21,1145.308495
2010-10-22,1145.033444
2010-10-25,1142.201036
2010-10-26,1141.507838
2010-10-27,1140.173078
2010-10-28,1139.247495
2010-10-29,1139.202934
2010-11-01,1137.633159
2010-11-02,1137.529157
2010-11-03,1136.851964
2010-11-04,1136.640375
2010-11-05,1137.352955
2010-11-08,1138.166826
2010-11-09,1138.843464
2010-11-10,1138.914256
2010-11-11,1139.403253
2010-11-12,1140.755191
2010-11-15,1143.001239
2010-11-16,1143.962159
2010-11-17,1144.209982
2010-11-18,1144.765561
2010-11-19,1146.072682
2010-11-22,1147.539838
2010-11-23,1148.044883
2010-11-24,1147.752775
2010-11-25,1147.695252
2010-11-26,1148.32826
2010-11-29,1147.541583
2010-11-30,1147.265155
2010-12-01,1146.199898
2010-12-02,1145.390904
2010-12-03,1145.306603
2010-12-06,1142.679473
2010-12-07,1141.921381
2010-12-08,1140.450102
2010-12-09,1139.313827
2010-12-10,1138.982223
2010-12-13,1136.078653
2010-12-14,1135.370594
2010-12-15,1134.010424
2010-12-16,1133.038628
2010-12-17,1132.916363
2010-12-20,1130.818081
2010-12-21,1130.406449
2010-12-22,1129.341788
2010-12-23,1128.656488
2010-12-24,1128.804459
2010-12-27,1127.362593
2010-12-28,1127.105392
2010-12-29,1126.159664
2010-12-30,1125.557716
2010-12-31,1125.75457
2011-01-03,1124.279657
2011-01-04,1123.964942
2011-01-05,1122.946771
2011-01-06,1122.263035
2011-01-07,1122.374483
2011-01-10,1120.677071
2011-01-11,1120.316157
2011-01-12,1119.272755
2011-01-13,1118.587887
2011-01-14,1118.724607
2011-01-17,1117.27162
2011-01-18,1117.047518
2011-01-19,1116.166189
2011-01-20,1115.666184
2011-01-21,1116.007549
2011-01-24,1115.251631
2011-01-25,1115.274867
2011-01-26,1114.642037
2011-01-27,1114.388184
2011-01-28,1114.970192
2011-01-31,1114.878587
2011-02-01,1115.098599
2011-02-07,1115.616946
2011-02-08,1115.955745
2011-02-09,1115.619813
2011-02-10,1115.646051
2011-02-11,1116.49351
2011-02-14,1117.132801
2011-02-15,1117.581023
2011-02-16,1117.353902
2011-02-17,1117.486771
2011-02-18,1118.436461
2011-02-21,1119.324923
2011-02-22,1119.824177
2011-02-23,1119.624769
2011-02-24,1119.757386
2011-02-25,1120.674254
2011-02-28,1121.226616
2011-03-02,1121.071193
2011-03-03,1120.90081
2011-03-04,1121.463979
2011-03-07,1120.667202
2011-03-08,1120.429037
2011-03-09,1119.408739
2011-03-10,1118.642515
2011-03-11,1118.590048
2011-03-14,1115.913237
2011-03-15,1115.068035
2011-03-16,1113.703538
2011-03-17,1112.627761
2011-03-18,1112.309045
2011-03-21,1109.168095
2011-03-22,1108.299391
2011-03-23,1106.746314
2011-03-24,1105.55606
2011-03-25,1105.197273
2011-03-28,1102.362474
2011-03-29,1101.723875
2011-03-30,1100.454563
2011-03-31,1099.593827
2011-04-01,1099.601545
2011-04-04,1097.99253
2011-04-05,1097.771819
2011-04-06,1096.909093
2011-04-07,1096.434874
2011-04-08,1096.801142
2011-04-11,1096.038228
2011-04-12,1096.009301
2011-04-13,1095.290173
2011-04-14,1094.911918
2011-04-15,1095.328658
2011-04-18,1094.487744
2011-04-19,1094.377287
2011-04-20,1093.561907
2011-04-21,1093.081577
2011-04-22,1093.399679
2011-04-25,1092.375631
2011-04-26,1092.270392
2011-04-27,1091.505748
2011-04-28,1091.127438
2011-04-29,1091.603219
2011-05-02,1091.406147
2011-05-03,1091.692706
2011-05-04,1091.372693
2011-05-06,1092.49383
2011-05-09,1094.041717
2011-05-11,1095.189445
2011-05-12,1095.864382
2011-05-13,1097.398607
2011-05-16,1100.211943
2011-05-17,1101.381887
2011-05-18,1101.854542
2011-05-19,1102.653739
2011-05-20,1104.225847
2011-05-23,1106.635911
2011-05-24,1107.509141
2011-05-25,1107.613505
2011-05-26,1107.981041
2011-05-27,1109.067716
2011-05-30,1109.810484
2011-05-31,1110.098125
2011-06-01,1109.622846
2011-06-02,1109.428916
2011-06-03,1109.983927
2011-06-07,1109.381837
2011-06-08,1108.65877
2011-06-09,1108.290064
2011-06-10,1108.74453
2011-06-13,1108.300326
2011-06-14,1108.441828
2011-06-15,1107.943671
2011-06-16,1107.844536
2011-06-17,1108.6035
2011-06-20,1109.175002
2011-06-21,1109.651991
2011-06-22,1109.469519
2011-06-23,1109.656078
2011-06-24,1110.661437
2011-06-27,1111.660865
2011-06-28,1112.15867
2011-06-29,1111.931025
2011-06-30,1112.005896
2011-07-01,1112.834205
2011-07-04,1112.945926
2011-07-05,1113.048068
2011-07-06,1112.387486
2011-07-07,1112.001138
2011-07-08,1112.349583
2011-07-11,1111.010784
2011-07-12,1110.659263
2011-07-13,1109.575785
2011-07-14,1108.805829
2011-07-15,1108.817551
2011-07-18,1106.809058
2011-07-19,1106.361208
2011-07-20,1105.248205
2011-07-21,1104.515501
2011-07-22,1104.629909
2011-07-25,1103.290625
2011-07-26,1103.170513
2011-07-27,1102.427596
2011-07-28,1102.100381
2011-07-29,1102.648344
2011-08-01,1102.702237
2011-08-02,1103.052364
2011-08-03,1102.770769
2011-08-04,1102.889514
2011-08-05,1103.862208
2011-08-08,1105.014375
2011-08-09,1105.659427
2011-08-10,1105.632786
2011-08-11,1105.964982
2011-08-12,1107.108782
2011-08-16,1109.17137
2011-08-17,1109.111819
2011-08-18,1109.375003
2011-08-19,1110.416002
2011-08-22,1111.342987
2011-08-23,1111.781776
2011-08-24,1111.490644
2011-08-25,1111.505139
2011-08-26,1112.283341
2011-08-29,1112.367944
2011-08-30,1112.518427
2011-08-31,1111.940638
2011-09-01,1111.67348
2011-09-02,1112.178459
2011-09-05,1111.953367
2011-09-06,1112.041035
2011-09-07,1111.426488
2011-09-08,1111.151985
2011-09-09,1111.682205
2011-09-14,1110.925793
2011-09-15,1110.776462
2011-09-16,1111.474526
2011-09-19,1111.866556
2011-09-20,1112.311064
2011-09-21,1112.123945
2011-09-22,1112.342232
2011-09-23,1113.423861
2011-09-26,1114.989627
2011-09-27,1115.806568
2011-09-28,1115.96862
2011-09-29,1116.504503
2011-09-30,1117.864107
2011-10-04,1120.821814
2011-10-05,1120.965938
2011-10-06,1121.412281
2011-10-07,1122.609676
2011-10-10,1123.789513
2011-10-11,1124.225635
2011-10-12,1123.883484
2011-10-13,1123.797528
2011-10-14,1124.426157
2011-10-17,1123.792111
2011-10-18,1123.628464
2011-10-19,1122.710265
2011-10-20,1122.084735
2011-10-21,1122.222596
2011-10-24,1120.520089
2011-10-25,1120.16594
2011-10-26,1119.151764
2011-10-27,1118.529099
2011-10-28,1118.770974
2011-10-31,1117.978768
2011-11-01,1118.113959
2011-11-02,1117.670197
2011-11-03,1117.68907
2011-11-04,1118.632029
2011-11-07,1120.16535
2011-11-08,1121.100408
2011-11-09,1121.443072
2011-11-10,1122.219504
2011-11-11,1123.876237
2011-11-14,1127.153259
2011-11-15,1128.498835
2011-11-16,1129.151834
2011-11-17,1130.132497
2011-11-18,1131.883602
2011-11-21,1134.780687
2011-11-22,1135.788395
2011-11-23,1136.008058
2011-11-24,1136.468839
2011-11-25,1137.624039
2011-11-28,1138.400961
2011-11-29,1138.63644
2011-11-30,1138.074712
2011-12-01,1137.758984
2011-12-02,1138.156084
2011-12-05,1136.890846
2011-12-06,1136.557283
2011-12-07,1135.495683
2011-12-08,1134.754658
2011-12-09,1134.804604
2011-12-12,1132.974657
2011-12-13,1132.605561
2011-12-14,1131.577639
2011-12-15,1130.93314
2011-12-16,1131.134992
2011-12-19,1130.006897
2011-12-20,1129.923011
2011-12-21,1129.190398
2011-12-22,1128.842426
2011-12-23,1129.333744
2011-12-26,1128.961882
2011-12-27,1129.074756
2011-12-28,1128.505288
2011-12-29,1128.28518
2011-12-30,1128.868685
2012-01-02,1128.573128
2012-01-03,1128.654496
2012-01-04,1128.032087
2012-01-05,1127.742753
2012-01-06,1128.246273
2012-01-09,1127.703066
2012-01-10,1127.717554
2012-01-11,1127.044282
2012-01-12,1126.724151
2012-01-13,1127.220265
2012-01-16,1126.816086
2012-01-17,1126.933334
2012-01-18,1126.390246
2012-01-19,1126.226081
2012-01-20,1126.901624
2012-01-25,1127.206766
2012-01-26,1127.291151
2012-01-27,1128.213743
2012-01-30,1129.159427
2012-01-31,1129.730322
2012-02-01,1129.633829
2012-02-02,1129.904797
2012-02-03,1131.000383
2012-02-06,1132.39061
2012-02-07,1133.089233
2012-02-08,1133.113082
2012-02-09,1133.498872
2012-02-10,1134.705562
2012-02-13,1136.421426
2012-02-14,1137.229016
2012-02-15,1137.362271
2012-02-16,1137.857147
2012-02-17,1139.171197
2012-02-20,1141.175094
2012-02-21,1142.056529
2012-02-22,1142.245931
2012-02-23,1142.774782
2012-02-24,1143.865791
2012-02-27,1144.994377
2012-02-28,1145.501602
2012-02-29,1145.269992
2012-03-02,1146.129473
2012-03-05,1146.086641
2012-03-06,1146.109571
2012-03-07,1145.352839
2012-03-08,1144.85101
2012-03-09,1145.062041
2012-03-12,1143.152729
2012-03-13,1142.549989
2012-03-14,1141.18131
2012-03-15,1140.090697
2012-03-16,1139.745341
2012-03-19,1136.445781
2012-03-20,1135.496701
2012-03-21,1133.849578
2012-03-22,1132.552089
2012-03-23,1132.073641
2012-03-26,1128.81668
2012-03-27,1128.021139
2012-03-28,1126.58959
2012-03-29,1125.563155
2012-03-30,1125.403579
2012-04-02,1123.301217
2012-04-03,1122.92442
2012-04-04,1121.912136
2012-04-05,1121.295963
2012-04-06,1121.528699
2012-04-09,1120.419548
2012-04-10,1120.293103
2012-04-12,1119.02403
2012-04-13,1119.364499
2012-04-16,1118.316114
2012-04-17,1118.138086
2012-04-18,1117.253005
2012-04-19,1116.699101
2012-04-20,1116.938092
2012-04-23,1115.629151
2012-04-24,1115.409361
2012-04-25,1114.519164
2012-04-26,1114.004025
2012-04-27,1114.331748
2012-04-30,1113.628521
2012-05-02,1113.216763
2012-05-03,1113.133513
2012-05-04,1113.941874
2012-05-07,1114.898263
2012-05-08,1115.59345
2012-05-09,1115.678646
2012-05-10,1116.184177
2012-05-11,1117.560891
2012-05-14,1119.986615
2012-05-15,1121.058646
2012-05-16,1121.449672
2012-05-17,1122.183366
2012-05-18,1123.705578
2012-05-21,1126.049266
2012-05-22,1126.923168
2012-05-23,1127.036474
2012-05-24,1127.41906
2012-05-25,1128.524606
2012-05-29,1129.621971
2012-05-30,1129.150158
2012-05-31,1128.95045
2012-06-01,1129.488866
2012-06-04,1128.790971
2012-06-05,1128.691556
2012-06-07,1127.419938
2012-06-08,1127.765137
2012-06-11,1126.929543
2012-06-12,1126.924715
2012-06-13,1126.275432
2012-06-14,1126.022437
2012-06-15,1126.626918
2012-06-18,1126.751889
2012-06-19,1127.092055
2012-06-20,1126.781539
2012-06-21,1126.850163
2012-06-22,1127.748747
2012-06-25,1128.500857
2012-06-26,1128.940999
2012-06-27,1128.667514
2012-06-28,1128.707579
2012-06-29,1129.51106
2012-07-02,1129.594179
2012-07-03,1129.69655
2012-07-04,1129.038028
2012-07-05,1128.653662
2012-07-06,1129.002112
2012-07-09,1127.633593
2012-07-10,1127.256932
2012-07-11,1126.138477
2012-07-12,1125.322692
2012-07-13,1125.276962
2012-07-16,1123.022435
2012-07-17,1122.467972
2012-07-18,1121.236642
2012-07-19,1120.374582
2012-07-20,1120.349484
2012-07-23,1118.541894
2012-07-24,1118.253355
2012-07-25,1117.338155
2012-07-26,1116.836224
2012-07-27,1117.208441
2012-07-30,1116.742139
2012-07-31,1116.92519
2012-08-01,1116.481391
2012-08-02,1116.443637
2012-08-03,1117.266228
2012-08-06,1118.011293
2012-08-07,1118.535971
2012-08-08,1118.396767
2012-08-09,1118.624131
2012-08-10,1119.670653
2012-08-13,1120.833518
2012-08-14,1121.413549
2012-08-16,1121.493233
2012-08-17,1122.479562
2012-08-20,1123.265546
2012-08-21,1123.663241
2012-08-22,1123.333074
2012-08-23,1123.310047
2012-08-24,1124.051683
2012-08-27,1124.026589
2012-08-28,1124.138519
2012-08-29,1123.520149
2012-08-30,1123.209741
2012-08-31,1123.668155
2012-09-03,1122.852764
2012-09-04,1122.732799
2012-09-05,1121.904227
2012-09-06,1121.408812
2012-09-07,1121.710809
2012-09-10,1120.628632
2012-09-11,1120.495976
2012-09-12,1119.696137
2012-09-13,1119.272041
2012-09-14,1119.688445
2012-09-17,1119.20165
2012-09-18,1119.345239
2012-09-19,1118.855222
2012-09-20,1118.770019
2012-09-21,1119.549038
2012-09-24,1120.227717
2012-09-25,1120.761033
2012-09-26,1120.647952
2012-09-27,1120.918521
2012-09-28,1122.023799
2012-10-02,1124.090421
2012-10-04,1124.315443
2012-10-05,1125.349241
2012-10-08,1126.102807
2012-10-09,1126.413399
2012-10-10,1125.950919
2012-10-11,1125.747701
2012-10-12,1126.259858
2012-10-15,1125.257345
2012-10-16,1124.956617
2012-10-17,1123.890452
2012-10-18,1123.10405
2012-10-19,1123.066337
2012-10-22,1120.735264
2012-10-23,1120.134786
2012-10-24,1118.855384
2012-10-25,1117.948893
2012-10-26,1117.889039
2012-10-29,1116.096953
2012-10-30,1115.873275
2012-10-31,1115.0616
2012-11-01,1114.706119
2012-11-02,1115.271047
2012-11-05,1115.677021
2012-11-06,1116.2481
2012-11-07,1116.237216
2012-11-08,1116.672979
2012-11-09,1118.004107
2012-11-12,1120.411715
2012-11-13,1121.5071
2012-11-14,1121.93061
2012-11-15,1122.702392
2012-11-16,1124.264715
2012-11-19,1126.705082
2012-11-20,1127.591686
2012-11-21,1127.702379
2012-11-22,1128.063923
2012-11-23,1129.127073
2012-11-26,1129.644543
2012-11-27,1129.790398
2012-11-28,1129.133378
2012-11-29,1128.714492
2012-11-30,1128.998618
2012-12-03,1127.320379
2012-12-04,1126.821029
2012-12-05,1125.57873
2012-12-06,1124.642101
2012-12-07,1124.48188
2012-12-10,1121.941967
2012-12-11,1121.313643
2012-12-12,1120.017663
2012-12-13,1119.097959
2012-12-14,1119.019212
2012-12-17,1117.03452
2012-12-18,1116.665722
2012-12-20,1115.024921
2012-12-21,1115.243199
2012-12-24,1114.08938
2012-12-26,1113.145083
2012-12-27,1112.690771
2012-12-28,1113.04582
2012-12-31,1112.091404
2013-01-02,1111.123383
2013-01-03,1110.621023
2013-01-04,1110.91041
2013-01-07,1109.708774
2013-01-08,1109.495871
2013-01-09,1108.590314
2013-01-10,1108.032681
2013-01-11,1108.285914
2013-01-14,1107.121664
2013-01-15,1106.976091
2013-01-16,1106.166267
2013-01-17,1105.732088
2013-01-18,1106.135034
2013-01-21,1105.553028
2013-01-22,1105.635252
2013-01-23,1105.06395
2013-01-24,1104.875132
2013-01-25,1105.526453
2013-01-28,1105.672798
2013-01-29,1105.982466
2013-01-30,1105.62728
2013-01-31,1105.641901
2013-02-01,1106.483218
2013-02-04,1107.119683
2013-02-05,1107.56883
2013-02-06,1107.343506
2013-02-07,1107.480844
2013-02-08,1108.438892
2013-02-12,1109.965202
2013-02-13,1109.849393
2013-02-14,1110.096074
2013-02-15,1111.163395
2013-02-18,1112.443274
2013-02-19,1113.091545
2013-02-20,1113.053339
2013-02-21,1113.361001
2013-02-22,1114.468269
2013-02-25,1115.695709
2013-02-26,1116.254126
2013-02-27,1116.083178
2013-02-28,1116.211991
2013-03-04,1117.334513
2013-03-05,1117.465485
2013-03-06,1116.821155
2013-03-07,1116.434593
2013-03-08,1116.76214
2013-03-11,1115.192567
2013-03-12,1114.693947
2013-03-13,1113.421995
2013-03-14,1112.419168
2013-03-15,1112.151262
2013-03-18,1109.011173
2013-03-19,1108.088554
2013-03-20,1106.454023
2013-03-21,1105.155378
2013-03-22,1104.662439
2013-03-25,1101.290233
2013-03-26,1100.436332
2013-03-27,1098.938952
2013-03-28,1097.84094
2013-03-29,1097.605863
2013-04-01,1095.272002
2013-04-02,1094.822337
2013-04-03,1093.742039
2013-04-04,1093.064071
2013-04-05,1093.242372
2013-04-08,1092.021502
2013-04-09,1091.876038
2013-04-10,1091.057334
2013-04-11,1090.594951
2013-04-12,1090.940973
2013-04-15,1089.941577
2013-04-16,1089.78566
2013-04-17,1088.922771
2013-04-18,1088.38937
2013-04-19,1088.645422
2013-04-22,1087.350783
2013-04-23,1087.118845
2013-04-24,1086.206276
2013-04-25,1085.65788
2013-04-26,1085.941108
2013-04-29,1085.038277
2013-04-30,1085.052305
2013-05-02,1084.260695
2013-05-03,1084.962743
2013-05-06,1085.5905
2013-05-07,1086.180069
2013-05-08,1086.165254
2013-05-09,1086.578487
2013-05-10,1087.872591
2013-05-13,1090.125354
2013-05-14,1091.168957
2013-05-15,1091.547524
2013-05-16,1092.285025
2013-05-20,1096.322103
2013-05-21,1097.273067
2013-05-22,1097.474165
2013-05-23,1097.95333
2013-05-24,1099.162116
2013-05-27,1100.287704
2013-05-28,1100.693017
2013-05-29,1100.323139
2013-05-30,1100.218439
2013-05-31,1100.843053
2013-06-03,1100.335948
2013-06-04,1100.274076
2013-06-05,1099.491428
2013-06-07,1099.377189
2013-06-10,1098.457273
2013-06-11,1098.404361
2013-06-12,1097.699766
2013-06-13,1097.386161
2013-06-14,1097.926775
2013-06-17,1097.861621
2013-06-18,1098.145719
2013-06-19,1097.785927
2013-06-20,1097.813686
2013-06-21,1098.681204
2013-06-24,1099.408698
2013-06-25,1099.865246
2013-06-26,1099.620561
2013-06-27,1099.701399
2013-06-28,1100.556912
2013-07-01,1100.852537
2013-07-02,1101.039728
2013-07-03,1100.470191
2013-07-04,1100.177112
2013-07-05,1100.61725
2013-07-08,1099.507412
2013-07-09,1099.205654
2013-07-10,1098.153842
2013-07-11,1097.39515
2013-07-12,1097.395893
2013-07-15,1095.209978
2013-07-16,1094.653686
2013-07-17,1093.408262
2013-07-18,1092.520253
2013-07-19,1092.457989
2013-07-22,1090.48075
2013-07-23,1090.120087
2013-07-24,1089.127152
2013-07-25,1088.543276
2013-07-26,1088.830759
2013-07-29,1088.107418
2013-07-30,1088.208184
2013-07-31,1087.587535
2013-08-01,1087.377571
2013-08-02,1088.033462
2013-08-05,1088.318057
2013-08-06,1088.703947
2013-08-07,1088.433713
2013-08-08,1088.53786
2013-08-09,1089.468927
2013-08-12,1090.330037
2013-08-13,1090.823329
2013-08-14,1090.618729
2013-08-16,1091.664879
2013-08-19,1092.26978
2013-08-20,1092.614347
2013-08-21,1092.233783
2013-08-22,1092.162552
2013-08-23,1092.857636
2013-08-26,1092.697195
2013-08-27,1092.76352
2013-08-28,1092.0983
2013-08-29,1091.739173
2013-08-30,1092.146361
2013-09-02,1091.15577
2013-09-03,1090.968085
2013-09-04,1090.066102
2013-09-05,1089.491018
2013-09-06,1089.706577
2013-09-09,1088.320494
2013-09-10,1088.070849
2013-09-11,1087.146071
2013-09-12,1086.589231
2013-09-13,1086.865388
2013-09-16,1085.918312
2013-09-17,1085.897941
2013-09-23,1085.769173
2013-09-24,1086.14299
2013-09-25,1085.877092
2013-09-26,1086.002985
2013-09-27,1086.973086
2013-09-30,1088.03708
2013-10-01,1088.615415
2013-10-02,1088.496745
2013-10-04,1089.694121
2013-10-07,1090.380311
2013-10-08,1090.688848
2013-10-10,1090.039986
2013-10-11,1090.567032
2013-10-14,1089.60796
2013-10-15,1089.313361
2013-10-16,1088.245207
2013-10-17,1087.446466
2013-10-18,1087.383994
2013-10-21,1084.88691
2013-10-22,1084.196242
2013-10-23,1082.807943
2013-10-24,1081.773647
2013-10-25,1081.567276
2013-10-28,1079.231299
2013-10-29,1078.796088
2013-10-30,1077.760896
2013-10-31,1077.172236
2013-11-01,1077.496875
2013-11-04,1077.167146
2013-11-05,1077.49766
2013-11-06,1077.253304
2013-11-07,1077.465383
2013-11-08,1078.585115
2013-11-11,1080.453304
2013-11-12,1081.405842
2013-11-13,1081.706729
2013-11-14,1082.376547
2013-11-15,1083.857578
2013-11-18,1086.172021
2013-11-19,1087.052008
2013-11-20,1087.170922
2013-11-21,1087.553389
2013-11-22,1088.647811
2013-11-25,1089.295588
2013-11-26,1089.488232
2013-11-27,1088.875347
2013-11-28,1088.495509
2013-11-29,1088.811346
2013-12-02,1087.165429
2013-12-03,1086.651127
2013-12-04,1085.379439
2013-12-05,1084.398561
2013-12-06,1084.179152
2013-12-09,1081.376204
2013-12-10,1080.634573
2013-12-11,1079.214531
2013-12-12,1078.161531
2013-12-13,1077.941913
2013-12-16,1075.506663
2013-12-17,1074.984186
2013-12-18,1073.816767
2013-12-19,1073.040467
2013-12-20,1073.112248
2013-12-23,1071.551053
2013-12-24,1071.293727
2013-12-26,1069.803805
2013-12-27,1070.055827
2013-12-30,1068.824846
2013-12-31,1068.608095
2014-01-02,1067.108206
2014-01-03,1067.31739
2014-01-06,1065.866113
2014-01-07,1065.563942
2014-01-08,1064.564856
2014-01-09,1063.908907
2014-01-10,1064.058672
2014-01-13,1062.551919
2014-01-14,1062.281883
2014-01-15,1061.343014
2014-01-16,1060.77573
2014-01-17,1061.042127
2014-01-20,1060.036834
2014-01-21,1059.975866
2014-01-22,1059.261514
2014-01-23,1058.930433
2014-01-24,1059.440845
2014-01-27,1059.176809
2014-01-28,1059.354664
2014-01-29,1058.870308
2014-02-03,1059.75091
2014-02-04,1060.082432
2014-02-05,1059.740215
2014-02-06,1059.760339
2014-02-07,1060.601256
2014-02-10,1061.216693
2014-02-11,1061.656696
2014-02-12,1061.422706
2014-02-13,1061.551488
2014-02-14,1062.501648
2014-02-17,1063.440669
2014-02-18,1063.981382
2014-02-19,1063.840065
2014-02-20,1064.049949
2014-02-21,1065.065648
2014-02-24,1066.063494
2014-02-25,1066.56254
2014-02-26,1066.341514
2014-02-27,1066.429707
2014-02-28,1067.278348
2014-03-03,1067.48041
2014-03-04,1067.613201
2014-03-05,1066.976694
2014-03-06,1066.602664
2014-03-07,1066.945996
2014-03-10,1065.426934
2014-03-11,1064.94041
2014-03-12,1063.675255
2014-03-13,1062.67224
2014-03-14,1062.395579
2014-03-17,1059.164408
2014-03-18,1058.186397
2014-03-19,1056.482864
2014-03-20,1055.101364
2014-03-21,1054.511765
2014-03-24,1050.771554
2014-03-25,1049.771939
2014-03-26,1048.119409
2014-03-27,1046.858362
2014-03-28,1046.454063
2014-03-31,1043.593656
2014-04-01,1042.968344
2014-04-02,1041.715286
2014-04-03,1040.869042
2014-04-04,1040.884963
2014-04-07,1039.223067
2014-04-08,1038.948201
2014-04-09,1038.009289
2014-04-10,1037.435669
2014-04-11,1037.678913
2014-04-14,1036.412694
2014-04-15,1036.177443
2014-04-16,1035.237457
2014-04-17,1034.62748
2014-04-18,1034.80571
2014-04-21,1033.252824
2014-04-22,1032.921255
2014-04-23,1031.900044
2014-04-24,1031.232991
2014-04-25,1031.386815
2014-04-28,1030.028566
2014-04-29,1029.869097
2014-04-30,1029.078931
2014-05-02,1029.205898
2014-05-07,1029.373361
2014-05-08,1029.586067
2014-05-09,1030.686839
2014-05-12,1032.422021
2014-05-13,1033.319273
2014-05-14,1033.566593
2014-05-15,1034.188687
2014-05-16,1035.631726
2014-05-19,1037.92483
2014-05-20,1038.838166
2014-05-21,1039.014454
2014-05-22,1039.479988
2014-05-23,1040.684435
2014-05-26,1041.831231
2014-05-27,1042.24733
2014-05-28,1041.886193
2014-05-29,1041.78593
2014-05-30,1042.408555
2014-06-02,1041.838778
2014-06-03,1041.73238
2014-06-05,1040.3644
2014-06-09,1039.363643
2014-06-10,1039.175227
2014-06-11,1038.325724
2014-06-12,1037.859525
2014-06-13,1038.241751
2014-06-16,1037.687182
2014-06-17,1037.810378
2014-06-18,1037.294184
2014-06-19,1037.171895
2014-06-20,1037.897392
2014-06-23,1038.260166
2014-06-24,1038.618602
2014-06-25,1038.288282
2014-06-26,1038.295935
2014-06-27,1039.09037
2014-06-30,1039.267585
2014-07-01,1039.433006
2014-07-02,1038.848053
2014-07-03,1038.544175
2014-07-04,1038.976289
2014-07-07,1037.84004
2014-07-08,1037.522494
2014-07-09,1036.448511
2014-07-10,1035.659742
2014-07-11,1035.62116
2014-07-14,1033.251699
2014-07-15,1032.610215
2014-07-16,1031.267151
2014-07-17,1030.26917
2014-07-18,1030.084956
2014-07-21,1029.08099
2014-07-22,1029.026255
2014-07-23,1028.33196
2014-07-24,1028.040769
2014-07-25,1028.616374
2014-07-28,1028.744167
2014-07-29,1029.128825
2014-07-30,1028.892508
2014-07-31,1029.070253
2014-08-01,1030.118257
2014-08-04,1031.613935
2014-08-05,1032.417175
2014-08-06,1032.571805
2014-08-07,1033.108542
2014-08-08,1034.480009
2014-08-11,1036.708414
2014-08-12,1037.67212
2014-08-13,1037.944716
2014-08-14,1038.557441
2014-08-18,1042.068055
2014-08-19,1042.920897
2014-08-20,1043.052008
2014-08-21,1043.495317
2014-08-22,1044.707269
2014-08-25,1046.105942
2014-08-26,1046.692934
2014-08-27,1046.547895
2014-08-28,1046.707857
2014-08-29,1047.632422
2014-09-01,1048.177298
2014-09-02,1048.493719
2014-09-03,1048.090915
2014-09-04,1048.009468
2014-09-05,1048.712542
2014-09-11,1048.367783
2014-09-12,1049.078695
2014-09-15,1049.392184
2014-09-16,1049.779396
2014-09-17,1049.524542
2014-09-18,1049.668353
2014-09-19,1050.672807
2014-09-22,1052.034968
2014-09-23,1052.808664
2014-09-24,1052.947403
2014-09-25,1053.484237
2014-09-26,1054.873064
2014-09-29,1057.253109
2014-09-30,1058.293666
2014-10-01,1058.650259
2014-10-02,1059.349207
2014-10-06,1063.109511
2014-10-07,1063.969707
2014-10-08,1064.074129
2014-10-10,1065.554234
2014-10-13,1066.337942
2014-10-14,1066.621886
2014-10-15,1066.127096
2014-10-16,1065.89418
2014-10-17,1066.387727
2014-10-20,1065.47977
2014-10-21,1065.286996
2014-10-22,1064.378677
2014-10-23,1063.805765
2014-10-24,1064.041882
2014-10-27,1062.922966
2014-10-28,1062.859609
2014-10-29,1062.18178
2014-10-30,1061.937961
2014-10-31,1062.597174
2014-11-03,1063.235466
2014-11-04,1063.886102
2014-11-05,1063.965416
2014-11-06,1064.50756
2014-11-07,1065.966487
2014-11-10,1068.931372
2014-11-11,1070.282594
2014-11-12,1071.001265
2014-11-13,1072.108917
2014-11-14,1074.048371
2014-11-17,1077.860711
2014-11-18,1079.278515
2014-11-19,1079.952369
2014-11-20,1080.905107
2014-11-21,1082.583059
2014-11-24,1085.037117
2014-11-25,1085.84182
2014-11-26,1085.84156
2014-11-27,1086.072325
2014-11-28,1086.99427
2014-12-01,1087.117854
2014-12-02,1087.171086
2014-12-03,1086.453517
2014-12-04,1086.012482
2014-12-05,1086.318129
2014-12-08,1085.001672
2014-12-09,1084.727622
2014-12-10,1083.762751
2014-12-11,1083.153811
2014-12-12,1083.368623
2014-12-15,1082.195607
2014-12-16,1082.086036
2014-12-17,1081.330504
2014-12-18,1080.966696
2014-12-19,1081.453073
2014-12-22,1081.160584
2014-12-23,1081.33751
2014-12-24,1080.852213
2014-12-26,1081.442616
2014-12-29,1081.612074
2014-12-30,1081.872351
2014-12-31,1081.435938
2015-01-02,1082.030614
2015-01-05,1082.032794
2015-01-06,1082.211284
2015-01-07,1081.689464
2015-01-08,1081.506676
2015-01-09,1082.124932
2015-01-12,1081.992392
2015-01-13,1082.169749
2015-01-14,1081.673202
2015-01-15,1081.543543
2015-01-16,1082.243365
2015-01-19,1082.51944
2015-01-20,1082.88166
2015-01-21,1082.589758
2015-01-22,1082.681099
2015-01-23,1083.614564
2015-01-26,1084.628902
2015-01-27,1085.237274
2015-01-28,1085.186015
2015-01-29,1085.509774
2015-01-30,1086.665225
2015-02-02,1088.269418
2015-02-03,1089.047442
2015-02-04,1089.152928
2015-02-05,1089.621579
2015-02-06,1090.911489
2015-02-09,1092.873906
2015-02-10,1093.762369
2015-02-11,1093.976561
2015-02-12,1094.55342
2015-02-13,1095.951845
2015-02-16,1098.241609
2015-02-17,1099.236703
2015-02-23,1104.146089
2015-02-24,1105.140933
2015-02-25,1105.424532
2015-02-26,1106.026574
2015-02-27,1107.398497
2015-03-02,1109.226128
2015-03-03,1109.91797
2015-03-04,1109.847872
2015-03-05,1110.046552
2015-03-06,1110.967641
2015-03-09,1111.197287
2015-03-10,1111.293289
2015-03-11,1110.607555
2015-03-12,1110.179095
2015-03-13,1110.470417
2015-03-16,1108.888363
2015-03-17,1108.437473
2015-03-18,1107.248152
2015-03-19,1106.367359
2015-03-20,1106.264647
2015-03-23,1103.903386
2015-03-24,1103.338019
2015-03-25,1102.108627
2015-03-26,1101.260922
2015-03-27,1101.261677
2015-03-30,1099.583882
2015-03-31,1099.348033
2015-04-01,1098.485146
2015-04-02,1098.031536
2015-04-03,1098.444192
2015-04-06,1098.010659
2015-04-07,1098.161327
2015-04-08,1097.65699
2015-04-09,1097.527144
2015-04-10,1098.223217
2015-04-13,1098.363986
2015-04-14,1098.610619
2015-04-15,1098.156754
2015-04-16,1098.035551
2015-04-17,1098.703511
2015-04-20,1098.607967
2015-04-21,1098.752525
2015-04-22,1098.200021
2015-04-23,1097.992955
2015-04-24,1098.596978
2015-04-27,1098.524055
2015-04-28,1098.770633
2015-04-29,1098.375808
2015-04-30,1098.384914
2015-05-04,1100.363248
2015-05-06,1101.238666
2015-05-07,1101.811124
2015-05-08,1103.276172
2015-05-11,1106.152247
2015-05-12,1107.452072
2015-05-13,1108.115691
2015-05-14,1109.168952
2015-05-15,1111.058846
2015-05-18,1114.789591
2015-05-19,1116.213675
2015-05-20,1116.915178
2015-05-21,1117.919113
2015-05-22,1119.673575
2015-05-26,1123.513225
2015-05-27,1123.729294
2015-05-28,1124.20477
2015-05-29,1125.399385
2015-06-01,1126.502389
2015-06-02,1126.933347
2015-06-03,1126.617752
2015-06-04,1126.6021
2015-06-05,1127.355709
2015-06-08,1127.510561
2015-06-09,1127.766742
2015-06-10,1127.350603
2015-06-11,1127.307966
2015-06-12,1128.10562
2015-06-15,1128.767709
2015-06-16,1129.293461
2015-06-17,1129.181819
2015-06-18,1129.468095
2015-06-19,1130.608063
2015-06-22,1132.265803
2015-06-23,1133.07725
2015-06-24,1133.212004
2015-06-25,1133.697165
2015-06-26,1134.981594
2015-06-29,1136.699557
2015-06-30,1137.399315
2015-07-01,1137.357019
2015-07-02,1137.602567
2015-07-03,1138.589169
2015-07-06,1139.128265
2015-07-07,1139.366804
2015-07-08,1138.844644
2015-07-09,1138.601721
2015-07-10,1139.101444
2015-07-13,1138.288812
2015-07-14,1138.143743
2015-07-15,1137.284859
2015-07-16,1136.758622
2015-07-17,1137.033767
2015-07-20,1135.933479
2015-07-21,1135.825661
2015-07-22,1135.069464
2015-07-23,1134.708763
2015-07-24,1135.208563
2015-07-27,1135.085116
2015-07-28,1135.382789
2015-07-29,1135.060146
2015-07-30,1135.153493
2015-07-31,1136.120199
2015-08-03,1137.400537
2015-08-04,1138.144169
2015-08-05,1138.246257
2015-08-06,1138.737894
2015-08-07,1140.071945
2015-08-10,1142.2348
2015-08-11,1143.191883
2015-08-12,1143.465078
2015-08-13,1144.085279
2015-08-17,1147.686081
2015-08-18,1148.574152
2015-08-19,1148.744546
2015-08-20,1149.230668
2015-08-21,1150.488432
2015-08-24,1152.037153
2015-08-25,1152.676535
2015-08-26,1152.584131
2015-08-27,1152.79639
2015-08-28,1153.772313
2015-08-31,1154.459394
2015-09-01,1154.817123
2015-09-02,1154.451497
2015-09-03,1154.402458
2015-09-04,1155.132548
2015-09-07,1155.210426
2015-09-08,1155.419398
2015-09-09,1154.937599
2015-09-10,1154.807874
2015-09-11,1155.495321
2015-09-14,1155.692088
2015-09-15,1156.026231
2015-09-16,1155.712277
2015-09-17,1155.791834
2015-09-18,1156.727913
2015-09-21,1157.872596
2015-09-22,1158.574358
2015-09-23,1158.643968
2015-09-24,1159.116043
2015-09-25,1160.446032
2015-09-30,1164.066571
2015-10-01,1164.769412
2015-10-02,1166.276036
2015-10-05,1168.679302
2015-10-06,1169.60912
2015-10-07,1169.794496
2015-10-08,1170.26295
2015-10-12,1172.579205
2015-10-13,1172.976723
2015-10-14,1172.593335
2015-10-15,1172.46724
2015-10-16,1173.060652
2015-10-19,1172.388343
2015-10-20,1172.246288
2015-10-21,1171.37213
2015-10-22,1170.815693
2015-10-23,1171.049825
2015-10-26,1169.812198
2015-10-27,1169.673008
2015-10-28,1168.902864
2015-10-29,1168.551797
2015-10-30,1169.09072
2015-11-02,1169.312988
2015-11-03,1169.815335
2015-11-04,1169.746276
2015-11-05,1170.142871
2015-11-06,1171.461941
2015-11-09,1174.068219
2015-11-10,1175.328126
2015-11-11,1175.97284
2015-11-12,1177.025335
2015-11-13,1178.929481
2015-11-16,1182.759338
2015-11-17,1184.223476
2015-11-18,1184.962561
2015-11-19,1185.998054
2015-11-20,1187.774567
2015-11-23,1190.597918
2015-11-24,1191.542174
2015-11-25,1191.685356
2015-11-26,1192.060789
2015-11-27,1193.126018
2015-11-30,1193.646929
2015-12-01,1193.814675
2015-12-02,1193.199757
2015-12-03,1192.848228
2015-12-04,1193.229288
2015-12-07,1192.050256
2015-12-08,1191.792706
2015-12-09,1190.830633
2015-12-10,1190.211792
2015-12-11,1190.405248
2015-12-14,1189.114569
2015-12-15,1188.953544
2015-12-16,1188.143379
2015-12-17,1187.723494
2015-12-18,1188.154005
2015-12-21,1187.709685
2015-12-22,1187.845187
2015-12-23,1187.324486
2015-12-24,1187.17953
2015-12-28,1188.006932
2015-12-29,1187.782748
2015-12-30,1186.866686
2015-12-31,1186.291514
2016-01-04,1185.103243
2016-01-05,1184.809834
2016-01-06,1183.813786
2016-01-07,1183.153575
2016-01-08,1183.290467
2016-01-11,1181.68495
2016-01-12,1181.360745
2016-01-13,1180.357291
2016-01-14,1179.715581
2016-01-15,1179.89855
2016-01-18,1178.600428
2016-01-19,1178.432188
2016-01-20,1177.608163
2016-01-21,1177.16646
2016-01-22,1177.566679
2016-01-25,1176.98646
2016-01-26,1177.06677
2016-01-27,1176.489795
2016-01-28,1176.290385
2016-01-29,1176.925306
2016-02-01,1176.983036
2016-02-02,1177.249929
2016-02-03,1176.845948
2016-02-04,1176.806427
2016-02-05,1177.589083
2016-02-11,1178.190128
2016-02-12,1179.081022
2016-02-15,1179.850504
2016-02-16,1180.341305
2016-02-17,1180.155787
2016-02-18,1180.32885
2016-02-19,1181.316844
2016-02-22,1182.303676
2016-02-23,1182.828453
2016-02-24,1182.650111
2016-02-25,1182.798917
2016-02-26,1183.726746
2016-02-29,1184.278551
2016-03-02,1184.094823
2016-03-03,1183.902554
2016-03-04,1184.439277
2016-03-07,1183.542429
2016-03-08,1183.266742
2016-03-09,1182.208423
2016-03-10,1181.404716
2016-03-11,1181.316362
2016-03-14,1178.551931
2016-03-15,1177.687461
2016-03-16,1176.072754
2016-03-17,1174.753856
2016-03-18,1174.199658
2016-03-21,1170.40123
2016-03-22,1169.329884
2016-03-23,1167.582085
2016-03-24,1166.204572
2016-03-25,1165.665373
2016-03-28,1162.322274
2016-03-29,1161.521981
2016-03-30,1160.093054
2016-03-31,1159.073658
2016-04-01,1158.922563
2016-04-04,1156.82585
2016-04-05,1156.435819
2016-04-06,1155.399205
2016-04-07,1154.746036
2016-04-08,1154.927975
2016-04-11,1153.579294
2016-04-12,1153.344918
2016-04-14,1151.824427
2016-04-15,1152.025043
2016-04-18,1150.528781
2016-04-19,1150.201019
2016-04-20,1149.170661
2016-04-21,1148.478677
2016-04-22,1148.589366
2016-04-25,1146.975971
2016-04-26,1146.686975
2016-04-27,1145.745347
2016-04-28,1145.1968
2016-04-29,1145.508861
2016-05-02,1144.854601
2016-05-03,1144.997494
2016-05-04,1144.536504
2016-05-09,1146.497516
2016-05-10,1147.229189
2016-05-11,1147.336553
2016-05-12,1147.846952
2016-05-13,1149.208596
2016-05-16,1151.449573
2016-05-17,1152.409409
2016-05-18,1152.66227
2016-05-19,1153.232301
2016-05-20,1154.566393
2016-05-23,1156.217406
2016-05-24,1156.826134
2016-05-25,1156.662329
2016-05-26,1156.759402
2016-05-27,1157.574731
2016-05-30,1157.51212
2016-05-31,1157.538555
2016-06-01,1156.807621
2016-06-02,1156.364534
2016-06-03,1156.677652
2016-06-07,1155.189074
2016-06-08,1154.264922
2016-06-09,1153.702722
2016-06-10,1153.970631
2016-06-13,1152.999457
2016-06-14,1152.972604
2016-06-15,1152.307734
2016-06-16,1152.04226
2016-06-17,1152.633996
2016-06-20,1152.686595
2016-06-21,1152.981361
2016-06-22,1152.610594
2016-06-23,1152.602156
2016-06-24,1153.405357
2016-06-27,1153.753601
2016-06-28,1154.019808
2016-06-29,1153.553939
2016-06-30,1153.384591
2016-07-01,1153.963471
2016-07-04,1153.305146
2016-07-05,1153.146922
2016-07-06,1152.226022
2016-07-07,1151.580542
2016-07-08,1151.672149
2016-07-11,1149.586626
2016-07-12,1148.996984
2016-07-13,1147.681903
2016-07-14,1146.687323
2016-07-15,1146.481715
2016-07-18,1143.865823
2016-07-19,1143.229904
2016-07-20,1141.935456
2016-07-21,1141.027399
2016-07-22,1140.971922
2016-07-25,1139.148366
2016-07-26,1138.872578
2016-07-27,1137.975444
2016-07-28,1137.494629
2016-07-29,1137.888793
2016-08-01,1137.472634
2016-08-02,1137.661022
2016-08-03,1137.214262
2016-08-04,1137.164001
2016-08-05,1137.963514
2016-08-08,1138.569041
2016-08-09,1139.022546
2016-08-10,1138.799718
2016-08-11,1138.931193
2016-08-12,1139.869892
2016-08-16,1141.07268
2016-08-17,1140.789658
2016-08-18,1140.82655
2016-08-19,1141.638745
2016-08-22,1141.86741
2016-08-23,1142.070524
2016-08-24,1141.54281
2016-08-25,1141.320148
2016-08-26,1141.860959
2016-08-29,1141.235515
2016-08-30,1141.151249
2016-08-31,1140.340313
2016-09-01,1139.841995
2016-09-02,1140.118196
2016-09-05,1138.800624
2016-09-06,1138.531351
2016-09-07,1137.563998
2016-09-08,1136.941078
2016-09-09,1137.127467
2016-09-12,1135.773565
2016-09-13,1135.575611
2016-09-19,1134.11368
2016-09-20,1134.254619
2016-09-21,1133.764288
2016-09-22,1133.678837
2016-09-23,1134.455278
2016-09-26,1135.087442
2016-09-27,1135.584153
2016-09-28,1135.42008
2016-09-29,1135.623241
2016-09-30,1136.64293
2016-10-04,1138.162105
2016-10-05,1137.926552
2016-10-06,1137.985688
2016-10-07,1138.788901
2016-10-10,1138.75247
2016-10-11,1138.775393
2016-10-12,1138.0182
2016-10-13,1137.516726
2016-10-14,1137.730781
2016-10-17,1135.873033
2016-10-18,1135.312773
2016-10-19,1134.00571
2016-10-20,1133.000144
2016-10-21,1132.76771
2016-10-24,1130.018996
2016-10-25,1129.338648
2016-10-26,1128.009443
2016-10-27,1127.0825
2016-10-28,1127.030195
2016-10-31,1125.406243
2016-11-01,1125.276904
2016-11-02,1124.572481
2016-11-03,1124.332902
2016-11-04,1125.017896
2016-11-07,1125.76289
2016-11-08,1126.424795
2016-11-09,1126.486572
2016-11-10,1126.973072
2016-11-11,1128.329698
2016-11-14,1130.637314
2016-11-15,1131.635239
2016-11-16,1131.928211
2016-11-17,1132.536778
2016-11-18,1133.904263
2016-11-21,1135.590114
2016-11-22,1136.1778
2016-11-23,1135.971599
2016-11-24,1136.002203
2016-11-25,1136.724492
2016-11-28,1136.202143
2016-11-29,1136.0094
2016-11-30,1135.024175
2016-12-01,1134.290847
2016-12-02,1134.277251
2016-12-05,1131.828526
2016-12-06,1131.11804
2016-12-07,1129.688468
2016-12-08,1128.588217
2016-12-09,1128.28729
2016-12-12,1125.44849
2016-12-13,1124.754929
2016-12-14,1123.406831
2016-12-15,1122.673574
2016-12-16,1122.78884
2016-12-19,1121.403747
2016-12-20,1121.232002
2016-12-21,1120.40911
2016-12-22,1119.967819
2016-12-23,1120.362298
2016-12-26,1119.676134
2016-12-27,1119.676144
2016-12-28,1118.990023
2016-12-29,1118.649808
2016-12-30,1119.110193
2017-01-02,1118.432726
2017-01-03,1118.384688
2017-01-04,1117.632905
2017-01-05,1117.214863
2017-01-06,1117.590935
2017-01-09,1116.677949
2017-01-10,1116.574638
2017-01-11,1115.786701
2017-01-12,1115.355136
2017-01-13,1115.743042
2017-01-16,1115.032194
2017-01-17,1115.052337
2017-01-18,1114.414113
2017-01-19,1114.156362
2017-01-20,1114.739427
2017-01-23,1114.708169
2017-01-24,1114.973673
2017-01-25,1114.583824
2017-01-26,1114.573818
2017-01-31,1116.518734
2017-02-01,1116.318881
2017-02-02,1116.48524
2017-02-03,1117.475165
2017-02-06,1118.544309
2017-02-07,1119.135266
2017-02-08,1119.051441
2017-02-09,1119.329673
2017-02-10,1120.428993
2017-02-13,1121.823568
2017-02-14,1122.523868
2017-02-15,1122.549315
2017-02-16,1122.935505
2017-02-17,1124.139574
2017-02-20,1125.800884
2017-02-21,1126.562165
2017-02-22,1126.62756
2017-02-23,1127.028064
2017-02-24,1128.216163
2017-02-27,1129.604095
2017-02-28,1130.186527
2017-03-02,1130.147377
2017-03-03,1131.007068
2017-03-06,1131.115442
2017-03-07,1131.1825
2017-03-08,1130.468173
2017-03-09,1130.007999
2017-03-10,1130.260959
2017-03-13,1128.489653
2017-03-14,1127.940445
2017-03-15,1126.630667
2017-03-16,1125.60516
2017-03-17,1125.331838
2017-03-20,1122.295052
2017-03-21,1121.450027
2017-03-22,1119.915214
2017-03-23,1118.738044
2017-03-24,1118.387506
2017-03-27,1115.553352
2017-03-28,1114.90896
2017-03-29,1113.632009
2017-03-30,1112.762528
2017-03-31,1112.761143
2017-04-03,1111.12981
2017-04-04,1110.905462
2017-04-05,1110.041889
2017-04-06,1109.570006
2017-04-07,1109.942079
2017-04-10,1109.218477
2017-04-11,1109.209712
2017-04-12,1108.513862
2017-04-13,1108.16159
2017-04-14,1108.606516
2017-04-17,1107.857284
2017-04-18,1107.777503
2017-04-19,1106.991681
2017-04-20,1106.539105
2017-04-21,1106.882506
2017-04-24,1105.91416
2017-04-25,1105.819384
2017-04-26,1105.060739
2017-04-27,1104.683902
2017-04-28,1105.156699
2017-05-02,1105.19557
2017-05-04,1104.947937
2017-05-08,1107.41988
2017-05-10,1108.538963
2017-05-11,1109.205712
2017-05-12,1110.736749
2017-05-15,1113.575521
2017-05-16,1114.766642
2017-05-17,1115.266988
2017-05-18,1116.100273
2017-05-19,1117.712606
2017-05-22,1120.275534
2017-05-23,1121.208318
2017-05-24,1121.37523
2017-05-25,1121.807422
2017-05-26,1122.95993
2017-05-29,1123.897879
2017-05-30,1124.246798
2017-05-31,1123.829539
2017-06-01,1123.689678
2017-06-02,1124.294218
2017-06-05,1123.839538
2017-06-07,1123.137046
2017-06-08,1122.785632
2017-06-09,1123.252477
2017-06-12,1122.821248
2017-06-13,1122.961262
2017-06-14,1122.460003
2017-06-15,1122.356987
2017-06-16,1123.112138
2017-06-19,1123.68078
2017-06-20,1124.162158
2017-06-21,1123.987803
2017-06-22,1124.186701
2017-06-23,1125.208997
2017-06-26,1126.288784
2017-06-27,1126.823242
2017-06-28,1126.636882
2017-06-29,1126.757309
2017-06-30,1127.634987
2017-07-03,1127.911786
2017-07-04,1128.072326
2017-07-05,1127.470591
2017-07-06,1127.14277
2017-07-07,1127.548671
2017-07-10,1126.368807
2017-07-11,1126.063735
2017-07-12,1125.022604
2017-07-13,1124.290521
2017-07-14,1124.335371
2017-07-17,1122.396599
2017-07-18,1121.96221
2017-07-19,1120.858071
2017-07-20,1120.129938
2017-07-21,1120.245004
2017-07-24,1118.88886
2017-07-25,1118.758603
2017-07-26,1118.004213
2017-07-27,1117.664764
2017-07-28,1118.200288
2017-07-31,1118.220825
2017-08-01,1118.562691
2017-08-02,1118.27492
2017-08-03,1118.389884
2017-08-04,1119.361447
2017-08-07,1120.527851
2017-08-08,1121.183829
2017-08-09,1121.171233
2017-08-10,1121.520546
2017-08-11,1122.684452
2017-08-14,1124.173715
2017-08-16,1124.828034
2017-08-17,1125.126112
2017-08-18,1126.203809
2017-08-21,1127.249618
2017-08-22,1127.730218
2017-08-23,1127.481639
2017-08-24,1127.539209
2017-08-25,1128.360785
2017-08-28,1128.574983
2017-08-29,1128.767687
2017-08-30,1128.231212
2017-08-31,1128.004203
2017-09-01,1128.547908
2017-09-04,1128.003634
2017-09-05,1127.98038
2017-09-06,1127.252277
2017-09-07,1126.861394
2017-09-08,1127.272253
2017-09-11,1126.544451
2017-09-12,1126.539442
2017-09-13,1125.871936
2017-09-14,1125.58468
2017-09-15,1126.142149
2017-09-18,1126.09964
2017-09-19,1126.396447
2017-09-20,1126.061036
2017-09-21,1126.13101
2017-09-22,1127.064905
2017-09-25,1128.197168
2017-09-26,1128.874892
2017-09-27,1128.90133
2017-09-28,1129.305715
2017-09-29,1130.538378
2017-10-10,1135.83359
2017-10-11,1135.416973
2017-10-12,1135.257445
2017-10-13,1135.812468
2017-10-16,1134.947829
2017-10-17,1134.700918
2017-10-18,1133.694784
2017-10-19,1132.97587
2017-10-20,1133.014218
2017-10-23,1130.971414
2017-10-24,1130.488948
2017-10-25,1129.338914
2017-10-26,1128.573028
2017-10-27,1128.664657
2017-10-30,1127.385214
2017-10-31,1127.348384
2017-11-01,1126.729361
2017-11-02,1126.570801
2017-11-03,1127.335282
2017-11-06,1128.338471
2017-11-07,1129.10238
2017-11-08,1129.278449
2017-11-09,1129.893787
2017-11-10,1131.395754
2017-11-13,1134.252744
2017-11-14,1135.474393
2017-11-15,1136.011761
2017-11-16,1136.884988
2017-11-17,1138.536587
2017-11-20,1141.177785
2017-11-21,1142.112083
2017-11-22,1142.262842
2017-11-23,1142.65824
2017-11-24,1143.75054
2017-11-27,1144.343059
2017-11-28,1144.515051
2017-11-29,1143.887226
2017-11-30,1143.501943
2017-12-01,1143.82529
2017-12-04,1142.307999
2017-12-05,1141.878952
2017-12-06,1140.71588
2017-12-07,1139.867451
2017-12-08,1139.804244
2017-12-11,1137.603939
2017-12-12,1137.10277
2017-12-13,1135.939489
2017-12-14,1135.157031
2017-12-15,1135.219034
2017-12-18,1133.667024
2017-12-19,1133.442554
2017-12-20,1132.570672
2017-12-21,1132.08521
2017-12-22,1132.441197
2017-12-26,1131.66674
2017-12-27,1130.9751
2017-12-28,1130.63527
2017-12-29,1131.101255
2018-01-02,1130.43199
2018-01-03,1129.697512
2018-01-04,1129.295927
2018-01-05,1129.6866
2018-01-08,1128.797657
2018-01-09,1128.693539
2018-01-10,1127.899641
2018-01-11,1127.456764
2018-01-12,1127.827968
2018-01-15,1127.036664
2018-01-16,1127.021211
2018-01-17,1126.343945
2018-01-18,1126.044393
2018-01-19,1126.583623
2018-01-22,1126.416013
2018-01-23,1126.636762
2018-01-24,1126.203511
2018-01-25,1126.151931
2018-01-26,1126.939391
2018-01-29,1127.485653
2018-01-30,1127.925501
2018-01-31,1127.698953
2018-02-01,1127.840769
2018-02-02,1128.807988
2018-02-05,1129.816407
2018-02-06,1130.388361
2018-02-07,1130.285616
2018-02-08,1130.544781
2018-02-09,1131.624747
2018-02-12,1132.959744
2018-02-13,1133.640357
2018-02-14,1133.646854
2018-02-19,1136.83795
2018-02-20,1137.599665
2018-02-21,1137.671701
2018-02-22,1138.085881
2018-02-23,1139.295444
2018-02-26,1140.800246
2018-02-27,1141.440269
2018-02-28,1141.345247
2018-03-02,1142.488917
2018-03-05,1142.896272
2018-03-06,1143.074073
2018-03-07,1142.473742
2018-03-08,1142.129225
2018-03-09,1142.497816
2018-03-12,1141.05568
2018-03-13,1140.604495
2018-03-14,1139.384171
2018-03-15,1138.438116
2018-03-16,1138.23299
2018-03-19,1135.324136
2018-03-20,1134.494466
2018-03-21,1132.961204
2018-03-22,1131.772119
2018-03-23,1131.396826
2018-03-26,1128.421527
2018-03-27,1127.712311
2018-03-28,1126.364349
2018-03-29,1125.419471
2018-03-30,1125.340159
2018-04-02,1123.478251
2018-04-03,1123.183837
2018-04-04,1122.256095
2018-04-05,1121.727141
2018-04-06,1122.05019
2018-04-09,1121.233101
2018-04-10,1121.211311
2018-04-11,1120.510892
2018-04-12,1120.161711
2018-04-13,1120.616334
2018-04-16,1119.922115
2018-04-17,1119.863968
2018-04-18,1119.098535
2018-04-19,1118.663339
2018-04-20,1119.019402
2018-04-23,1118.045548
2018-04-24,1117.930326
2018-04-25,1117.140487
2018-04-26,1116.721278
2018-04-27,1117.140409
2018-04-30,1116.685282
2018-05-02,1116.420416
2018-05-03,1116.406655
2018-05-04,1117.282805
2018-05-08,1119.205095
2018-05-09,1119.362205
2018-05-10,1119.943042
2018-05-11,1121.399221
2018-05-14,1124.094638
2018-05-15,1125.268562
2018-05-16,1125.767938
2018-05-17,1126.616503
2018-05-18,1128.260028
2018-05-21,1131.003345
2018-05-23,1132.281494
2018-05-24,1132.814765
2018-05-25,1134.073328
2018-05-28,1135.335931
2018-05-29,1135.787497
2018-05-30,1135.46646
2018-05-31,1135.41446
2018-06-01,1136.096796
2018-06-04,1135.802381
2018-06-05,1135.826814
2018-06-07,1134.786183
2018-06-08,1135.238767
2018-06-11,1134.697155
2018-06-12,1134.782786
2018-06-14,1134.054383
2018-06-15,1134.743903
2018-06-18,1135.126462
2018-06-19,1135.556003
2018-06-20,1135.337837
2018-06-21,1135.5024
2018-06-22,1136.50103
2018-06-25,1137.581406
2018-06-26,1138.140889
2018-06-27,1137.991662
2018-06-28,1138.160686
2018-06-29,1139.097499
2018-07-02,1139.602024
2018-07-03,1139.849976
2018-07-04,1139.338427
2018-07-05,1139.101671
2018-07-06,1139.597604
2018-07-09,1138.663328
2018-07-10,1138.426389
2018-07-11,1137.444145
2018-07-12,1136.760575
2018-07-13,1136.842669
2018-07-16,1134.942815
2018-07-17,1134.496665
2018-07-18,1133.368788
2018-07-19,1132.605518
2018-07-20,1132.674836
2018-07-23,1131.128165
2018-07-24,1130.920743
2018-07-25,1130.084624
2018-07-26,1129.660302
2018-07-27,1130.109226
2018-07-30,1129.873131
2018-07-31,1130.134645
2018-08-01,1129.770925
2018-08-02,1129.815245
2018-08-03,1130.722234
2018-08-06,1131.736846
2018-08-07,1132.357352
2018-08-08,1132.317095
2018-08-09,1132.646531
2018-08-10,1133.798213
2018-08-13,1135.294175
2018-08-14,1135.990669
2018-08-16,1136.310413
2018-08-17,1137.419956
2018-08-20,1138.585884
2018-08-21,1139.112962
2018-08-22,1138.913191
2018-08-23,1139.021355
2018-08-24,1139.894761
2018-08-27,1140.26619
2018-08-28,1140.509921
2018-08-29,1140.022762
2018-08-30,1139.842722
2018-08-31,1140.430405
2018-09-03,1139.993628
2018-09-04,1139.99595
2018-09-05,1139.2873
2018-09-06,1138.909224
2018-09-07,1139.32578
2018-09-10,1138.569144
2018-09-11,1138.538683
2018-09-12,1137.837871
2018-09-13,1137.509715
2018-09-14,1138.019115
2018-09-17,1137.796091
2018-09-18,1138.023671
2018-09-19,1137.616401
2018-09-20,1137.613219
2018-09-21,1138.474092
2018-09-27,1140.365298
2018-09-28,1141.568221
2018-10-01,1143.290644
2018-10-02,1144.073361
2018-10-04,1144.549436
2018-10-05,1145.716709
2018-10-08,1146.898933
2018-10-10,1147.051083
2018-10-11,1147.003253
2018-10-12,1147.671916
2018-10-15,1147.136318
2018-10-16,1146.98717
2018-10-17,1146.068994
2018-10-18,1145.426117
2018-10-19,1145.526668
2018-10-22,1143.572316
2018-10-23,1143.083173
2018-10-24,1141.907566
2018-10-25,1141.097309
2018-10-26,1141.126265
2018-10-29,1139.559838
2018-10-30,1139.399787
2018-10-31,1138.647277
2018-11-01,1138.347464
2018-11-02,1138.965615
2018-11-05,1139.527891
2018-11-06,1140.153804
2018-11-07,1140.201007
2018-11-08,1140.699162
2018-11-09,1142.097954
2018-11-12,1144.748158
2018-11-13,1145.939579
2018-11-14,1146.467309
2018-11-15,1147.351607
2018-11-16,1149.03468
2018-11-19,1151.88368
2018-11-20,1152.920188
2018-11-21,1153.186416
2018-11-22,1153.708237
2018-11-23,1154.935436
2018-11-26,1155.95729
2018-11-27,1156.271824
2018-11-28,1155.782044
2018-11-29,1155.528014
2018-11-30,1155.973739
2018-12-03,1154.753664
2018-12-04,1154.396399
2018-12-05,1153.290322
2018-12-06,1152.483936
2018-12-07,1152.447998
2018-12-10,1150.247317
2018-12-11,1149.722145
2018-12-12,1148.525234
2018-12-13,1147.701147
2018-12-14,1147.715242
2018-12-17,1145.999488
2018-12-18,1145.719449
2018-12-19,1144.794102
2018-12-20,1144.258607
2018-12-21,1144.569128
2018-12-24,1143.705615
2018-12-26,1142.968063
2018-12-27,1142.62115
2018-12-28,1143.086103
2018-12-31,1142.473758
2019-01-02,1141.740479
2019-01-03,1141.356246
2019-01-04,1141.763685
2019-01-07,1140.911702
2019-01-08,1140.812683
2019-01-09,1140.019215
2019-01-10,1139.571691
2019-01-11,1139.93293
2019-01-14,1139.079858
2019-01-15,1139.033968
2019-01-16,1138.322066
2019-01-17,1137.984272
2019-01-18,1138.482323
2019-01-21,1138.180832
2019-01-22,1138.355942
2019-01-23,1137.877683
2019-01-24,1137.782314
2019-01-25,1138.527704
2019-01-28,1138.961506
2019-01-29,1139.369034
2019-01-30,1139.112761
2019-01-31,1139.227302
2019-02-01,1140.169468
2019-02-07,1141.783692
2019-02-08,1142.844645
2019-02-11,1144.120887
2019-02-12,1144.781515
2019-02-13,1144.768216
2019-02-14,1145.117579
2019-02-15,1146.287954
2019-02-18,1147.88187
2019-02-19,1148.63749
2019-02-20,1148.708544
2019-02-21,1149.127733
2019-02-22,1150.34914
2019-02-25,1151.937694
2019-02-26,1152.623504
2019-02-27,1152.583703
2019-02-28,1152.847456
2019-03-04,1154.545451
2019-03-05,1154.827899
2019-03-06,1154.337265
2019-03-07,1154.106074
2019-03-08,1154.590063
2019-03-11,1153.489552
2019-03-12,1153.14486
2019-03-13,1152.024458
2019-03-14,1151.170141
2019-03-15,1151.047093
2019-03-18,1148.314565
2019-03-19,1147.517542
2019-03-20,1146.003106
2019-03-21,1144.819002
2019-03-22,1144.435113
2019-03-25,1141.359458
2019-03-26,1140.595523
2019-03-27,1139.184554
2019-03-28,1138.170046
2019-03-29,1138.016261
2019-04-01,1135.920395
2019-04-02,1135.550554
2019-04-03,1134.551485
2019-04-04,1133.956766
2019-04-05,1134.22087
2019-04-08,1133.276656
2019-04-09,1133.23058
2019-04-10,1132.514929
2019-04-11,1132.159129
2019-04-12,1132.615018
2019-04-15,1131.960838
2019-04-16,1131.923403
2019-04-17,1131.17964
2019-04-18,1130.76531
2019-04-19,1131.139668
2019-04-22,1130.188523
2019-04-23,1130.065226
2019-04-24,1129.257525
2019-04-25,1128.809862
2019-04-26,1129.189438
2019-04-29,1128.548727
2019-04-30,1128.641602
2019-05-02,1127.997042
2019-05-03,1128.768417
2019-05-07,1130.25223
2019-05-08,1130.305553
2019-05-09,1130.789277
2019-05-10,1132.157062
2019-05-13,1134.657445
2019-05-14,1135.794475
2019-05-15,1136.272645
2019-05-16,1137.116167
2019-05-17,1138.770927
2019-05-20,1141.64135
2019-05-21,1142.729054
2019-05-22,1143.071791
2019-05-23,1143.6968
2019-05-24,1145.054846
2019-05-27,1146.639883
2019-05-28,1147.199128
2019-05-29,1146.98202
2019-05-30,1147.028038
2019-05-31,1147.800495
2019-06-03,1147.712759
2019-06-04,1147.780875
2019-06-05,1147.122761
2019-06-07,1147.240871
2019-06-10,1146.630027
2019-06-11,1146.671159
2019-06-12,1146.057089
2019-06-13,1145.831209
2019-06-14,1146.457526
2019-06-17,1146.645661
2019-06-18,1147.015706
2019-06-19,1146.74395
2019-06-20,1146.86255
2019-06-21,1147.824354
2019-06-24,1148.860263
2019-06-25,1149.429193
2019-06-26,1149.301898
2019-06-27,1149.505078
2019-06-28,1150.487698
2019-07-01,1151.189696
2019-07-02,1151.519013
2019-07-03,1151.093891
2019-07-04,1150.946804
2019-07-05,1151.53376
2019-07-08,1150.861738
2019-07-09,1150.702585
2019-07-10,1149.790584
2019-07-11,1149.168326
2019-07-12,1149.30162
2019-07-15,1147.486371
2019-07-16,1147.043903
2019-07-17,1145.907324
2019-07-18,1145.123264
2019-07-19,1145.160229
2019-07-22,1143.455394
2019-07-23,1143.178462
2019-07-24,1142.266537
2019-07-25,1141.761496
2019-07-26,1142.126199
2019-07-29,1141.630493
2019-07-30,1141.807609
2019-07-31,1141.362592
2019-08-01,1141.329773
2019-08-02,1142.164715
2019-08-05,1143.001022
2019-08-06,1143.576427
2019-08-07,1143.498755
2019-08-08,1143.798575
2019-08-09,1144.928443
2019-08-12,1146.404261
2019-08-13,1147.10823
2019-08-14,1147.116962
2019-08-16,1148.59705
2019-08-19,1149.868146
2019-08-20,1150.438036
2019-08-21,1150.284077
2019-08-22,1150.440517
2019-08-23,1151.364121
2019-08-26,1151.892149
2019-08-27,1152.188176
2019-08-28,1151.752375
2019-08-29,1151.622138
2019-08-30,1152.257437
2019-09-02,1151.943932
2019-09-03,1151.978661
2019-09-04,1151.297028
2019-09-05,1150.939988
2019-09-06,1151.371058
2019-09-09,1150.614452
2019-09-10,1150.568495
2019-09-11,1149.844219
2019-09-16,1149.573547
2019-09-17,1149.736873
2019-09-18,1149.261228
2019-09-19,1149.186725
2019-09-20,1149.974635
2019-09-23,1150.689656
2019-09-24,1151.245499
2019-09-25,1151.163764
2019-09-26,1151.47657
2019-09-27,1152.636913
2019-09-30,1154.296676
2019-10-01,1155.083286
2019-10-02,1155.178186
2019-10-04,1156.818934
2019-10-07,1158.209019
2019-10-08,1158.761241
2019-10-10,1158.610004
2019-10-11,1159.389529
2019-10-14,1159.192275
2019-10-15,1159.149949
2019-10-16,1158.331638
2019-10-17,1157.779376
2019-10-18,1157.959132
2019-10-21,1156.155488
2019-10-22,1155.68282
2019-10-23,1154.505228
2019-10-24,1153.674128
2019-10-25,1153.663381
2019-10-28,1151.87064
2019-10-29,1151.603342
2019-10-30,1150.73054
2019-10-31,1150.299581
2019-11-01,1150.778175
2019-11-04,1150.898469
2019-11-05,1151.378832
2019-11-06,1151.286179
2019-11-07,1151.652937
2019-11-08,1152.931398
2019-11-11,1155.309451
2019-11-12,1156.445714
2019-11-13,1156.938137
2019-11-14,1157.807621
2019-11-15,1159.496599
2019-11-18,1162.48359
2019-11-19,1163.602851
2019-11-20,1163.96764
2019-11-21,1164.601823
2019-11-22,1165.952933
2019-11-25,1167.390802
2019-11-26,1167.850004
2019-11-27,1167.503509
2019-11-28,1167.388871
2019-11-29,1167.967752
2019-12-02,1167.089621
2019-12-03,1166.821861
2019-12-04,1165.791196
2019-12-05,1165.04553
2019-12-06,1165.055369
2019-12-09,1162.904914
2019-12-10,1162.369842
2019-12-11,1161.151574
2019-12-12,1160.296115
2019-12-13,1160.270422
2019-12-16,1158.402077
2019-12-17,1158.065961
2019-12-18,1157.084748
2019-12-19,1156.495129
2019-12-20,1156.754646
2019-12-21,1153.457164
2019-12-22,1153.16445
2019-12-23,1155.767602
2019-12-24,1155.706414
2019-12-25,1154.979082
2019-12-26,1154.616888
2019-12-27,1155.073164
2019-12-28,1151.938828
2019-12-29,1151.773978
2019-12-30,1154.469318
2019-12-31,1154.465463
2020-01-01,1153.762571
2020-01-02,1153.394909
2020-01-03,1153.819679
2020-01-04,1150.632401
2020-01-05,1150.398325
2020-01-06,1153.01368
2020-01-07,1152.924786
2020-01-08,1152.137503
2020-01-09,1151.69162
2020-01-10,1152.049511
2020-01-11,1148.81137
2020-01-12,1148.546498
2020-01-13,1151.154446
2020-01-14,1151.084054
2020-01-15,1150.342848
2020-01-16,1149.971415
2020-01-17,1150.432065
2020-01-18,1147.324109
2020-01-19,1147.215202
2020-01-20,1150.002579
2020-01-21,1150.132194
2020-01-22,1149.608238
2020-01-23,1149.467645
2020-01-24,1150.168891
2020-01-25,1147.307402
2020-01-26,1147.447046
2020-01-27,1150.481472
2020-01-28,1150.85338
2020-01-29,1150.564126
2020-01-30,1150.648304
2020-01-31,1151.562601
2020-02-01,1148.901239
2020-02-02,1149.227466
2020-02-03,1152.434887
2020-02-04,1152.966684
2020-02-05,1152.825165
2020-02-06,1153.046261
2020-02-07,1154.088286
2020-02-08,1151.547267
2020-02-09,1151.988315
2020-02-10,1155.30684
2020-02-11,1155.947646
2020-02-12,1155.914366
2020-02-13,1156.243851
2020-02-14,1157.394844
2020-02-15,1154.96323
2020-02-16,1155.513365
2020-02-17,1158.939249
2020-02-18,1159.683629
2020-02-19,1159.747449
2020-02-20,1160.164294
2020-02-21,1161.389131
2020-02-22,1159.013664
2020-02-23,1159.597774
2020-02-24,1163.030834
2020-02-25,1163.750958
2020-02-26,1163.754612
2020-02-27,1164.071218
2020-02-28,1165.152063
2020-02-29,1162.585801
2020-03-01,1162.930045
2020-03-02,1166.072808
2020-03-03,1166.451856
2020-03-04,1166.064404
2020-03-05,1165.941775
2020-03-06,1166.538324
2020-03-07,1163.44694
2020-03-08,1163.230586
2020-03-09,1165.783669
2020-03-10,1165.551279
2020-03-11,1164.538751
2020-03-12,1163.786154
2020-03-13,1163.757034
2020-03-14,1160.053703
2020-03-15,1159.248566
2020-03-16,1161.245261
2020-03-17,1160.497682
2020-03-18,1159.019308
2020-03-19,1157.857499
2020-03-20,1157.482039
2020-03-21,1153.500264
2020-03-22,1152.488251
2020-03-23,1154.351854
2020-03-24,1153.545658
2020-03-25,1152.082284
2020-03-26,1151.006691
2020-03-27,1150.784769
2020-03-28,1147.018569
2020-03-29,1146.277609
2020-03-30,1148.460084
2020-03-31,1148.012006
2020-04-01,1146.936737
2020-04-02,1146.269521
2020-04-03,1146.466343
2020-04-04,1143.119407
2020-04-05,1142.788709
2020-04-06,1145.363496
2020-04-07,1145.281645
2020-04-08,1144.539409
2020-04-09,1144.166144
2020-04-10,1144.613318
2020-04-11,1141.470112
2020-04-12,1141.295069
2020-04-13,1143.977589
2020-04-14,1143.957298
2020-04-15,1143.233739
2020-04-16,1142.841002
2020-04-17,1143.236594
2020-04-18,1140.01686
2020-04-19,1139.748432
2020-04-20,1142.329475
2020-04-21,1142.208809
2020-04-22,1141.395323
2020-04-23,1140.932331
2020-04-24,1141.286161
2020-04-25,1138.061312
2020-04-26,1137.831648
2020-04-27,1140.501423
2020-04-28,1140.524193
2020-04-29,1139.91208
2020-04-30,1139.709994
2020-05-01,1140.384153
2020-05-02,1137.537203
2020-05-03,1137.739429
2020-05-04,1140.889841
2020-05-05,1141.435199
2020-05-06,1141.379427
2020-05-07,1141.758029
2020-05-08,1143.026835
2020-05-09,1140.777379
2020-05-10,1141.568386
2020-05-11,1145.287151
2020-05-12,1146.368869
2020-05-13,1146.806337
2020-05-14,1147.624673
2020-05-15,1149.270323
2020-05-16,1147.326697
2020-05-17,1148.345867
2020-05-18,1152.21013
2020-05-19,1153.351479
2020-05-20,1153.761396
2020-05-21,1154.465617
2020-05-22,1155.913137
2020-05-23,1153.691792
2020-05-24,1154.359854
2020-05-25,1157.80745
2020-05-26,1158.475842
2020-05-27,1158.366995
2020-05-28,1158.518087
2020-05-29,1159.390234
2020-05-30,1156.583768
2020-05-31,1156.669535
2020-06-01,1159.550003
2020-06-02,1159.678234
2020-06-03,1159.067178
2020-06-04,1158.763906
2020-06-05,1159.23811
2020-06-06,1156.097176
2020-06-07,1155.917316
2020-06-08,1158.604566
2020-06-09,1158.613684
2020-06-10,1157.957418
2020-06-11,1157.680771
2020-06-12,1158.249562
2020-06-13,1155.265627
2020-06-14,1155.298108
2020-06-15,1158.24464
2020-06-16,1158.550483
2020-06-17,1158.218045
2020-06-18,1158.28141
2020-06-19,1159.195194
2020-06-20,1156.550027
2020-06-21,1156.904126
2020-06-22,1160.144761
2020-06-23,1160.707641
2020-06-24,1160.586667
2020-06-25,1160.80867
2020-06-26,1161.822431
2020-06-27,1159.214294
2020-06-28,1159.539835
2020-06-29,1162.685367
2020-06-30,1163.087337
2020-07-01,1162.742042
2020-07-02,1162.680284
2020-07-03,1163.356274
2020-07-04,1160.363101
2020-07-05,1160.26421
2020-07-06,1162.954711
2020-07-07,1162.88055
2020-07-08,1162.047981
2020-07-09,1161.49799
2020-07-10,1161.694948
2020-07-11,1158.241842
2020-07-12,1157.711533
2020-07-13,1160.007853
2020-07-14,1159.584592
2020-07-15,1158.454809
2020-07-16,1157.665125
2020-07-17,1157.684281
2020-07-18,1154.1183
2020-07-19,1153.541714
2020-07-20,1155.858668
2020-07-21,1155.521929
2020-07-22,1154.542277
2020-07-23,1153.962876
2020-07-24,1154.247956
2020-07-25,1150.998105
2020-07-26,1150.781649
2020-07-27,1153.495917
2020-07-28,1153.586421
2020-07-29,1153.056409
2020-07-30,1152.941414
2020-07-31,1153.698084
2020-08-01,1150.919634
2020-08-02,1151.167355
2020-08-03,1154.331997
2020-08-04,1154.853053
2020-08-05,1154.728392
2020-08-06,1154.98886
2020-08-07,1156.087158
2020-08-08,1153.613302
2020-08-09,1154.126141
2020-08-10,1157.514714
2020-08-11,1158.217507
2020-08-12,1158.232031
2020-08-13,1158.589378
2020-08-14,1159.743028
2020-08-15,1157.284248
2020-08-16,1157.773536
2020-08-17,1161.101916
2020-08-18,1161.710125
2020-08-19,1161.598146
2020-08-20,1161.799697
2020-08-21,1162.771012
2020-08-22,1160.106193
2020-08-23,1160.368641
2020-08-24,1163.452329
2020-08-25,1163.800985
2020-08-26,1163.417621
2020-08-27,1163.339033
2020-08-28,1164.024582
2020-08-29,1161.07156
2020-08-30,1161.046628
2020-08-31,1163.847093
2020-09-01,1163.920093
2020-09-02,1163.272119
2020-09-03,1162.9435
2020-09-04,1163.397154
2020-09-05,1160.23393
2020-09-06,1160.023991
2020-09-07,1162.668039
2020-09-08,1162.616437
2020-09-09,1161.878651
2020-09-10,1161.49766
2020-09-11,1161.938623
2020-09-12,1158.804132
2020-09-13,1158.665512
2020-09-14,1161.423967
2020-09-15,1161.529624
2020-09-16,1160.990923
2020-09-17,1160.84897
2020-09-18,1161.566178
2020-09-19,1158.741509
2020-09-20,1158.941781
2020-09-21,1162.062852
2020-09-22,1162.548719
2020-09-23,1162.400985
2020-09-24,1162.653329
2020-09-25,1163.760264
2020-09-26,1161.312532
2020-09-27,1161.868576
2020-09-28,1165.315905
2020-09-29,1166.090384
2020-09-30,1166.185898
2020-10-01,1166.629015
2020-10-02,1167.867945
2020-10-03,1165.488109
2020-10-04,1166.04379
2020-10-05,1169.419639
2020-10-06,1170.050093
2020-10-07,1169.929131
2020-10-08,1170.085004
2020-10-09,1170.969215
2020-10-10,1168.172083
2020-10-11,1168.25434
2020-10-12,1171.108548
2020-10-13,1171.178391
2020-10-14,1170.468272
2020-10-15,1170.017833
2020-10-16,1170.290725
2020-10-17,1166.889907
2020-10-18,1166.388981
2020-10-19,1168.693319
2020-10-20,1168.259071
2020-10-21,1167.102462
2020-10-22,1166.274045
2020-10-23,1166.247186
2020-10-24,1162.633132
2020-10-25,1162.012116
2020-10-26,1164.294313
2020-10-27,1163.938689
2020-10-28,1162.962208
2020-10-29,1162.414025
2020-10-30,1162.763966
2020-10-31,1159.617639
2020-11-01,1159.547634
2020-11-02,1162.454613
2020-11-03,1162.786352
2020-11-04,1162.547171
2020-11-05,1162.772386
2020-11-06,1163.917084
2020-11-07,1161.571548
2020-11-08,1162.292786
2020-11-09,1165.965965
2020-11-10,1167.023783
2020-11-11,1167.456234
2020-11-12,1168.285372
2020-11-13,1169.954376
2020-11-14,1168.043233
2020-11-15,1169.100491
2020-11-16,1173.004865
2020-11-17,1174.18475
2020-11-18,1174.628061
2020-11-19,1175.35703
2020-11-20,1176.817254
2020-11-21,1174.593294
2020-11-22,1175.240314
2020-11-23,1178.645515
2020-11-24,1179.247436
2020-11-25,1179.045551
2020-11-26,1179.074784
2020-11-27,1179.794258
2020-11-28,1176.802585
2020-11-29,1176.669175
2020-11-30,1179.295352
2020-12-01,1179.133342
2020-12-02,1178.195571
2020-12-03,1177.528911
2020-12-04,1177.603181
2020-12-05,1174.026229
2020-12-06,1173.375077
2020-12-07,1175.556906
2020-12-08,1175.027974
2020-12-09,1173.802872
2020-12-10,1172.928792
2020-12-11,1172.874086
2020-12-12,1169.243455
