ds,y
2005.01.03,"1,038.10"
2005.01.04,"1,038.70"
2005.01.05,"1,046.30"
2005.01.06,"1,058.50"
2005.01.07,"1,051.00"
2005.01.10,"1,053.60"
2005.01.11,"1,045.00"
2005.01.12,"1,042.10"
2005.01.13,"1,036.60"
2005.01.14,"1,042.80"
2005.01.17,"1,035.70"
2005.01.18,"1,035.70"
2005.01.19,"1,030.90"
2005.01.20,"1,033.10"
2005.01.21,"1,038.00"
2005.01.24,"1,032.20"
2005.01.25,"1,031.30"
2005.01.26,"1,031.60"
2005.01.27,"1,028.50"
2005.01.28,"1,024.10"
2005.01.31,"1,025.50"
2005.02.01,"1,027.80"
2005.02.02,"1,027.80"
2005.02.03,"1,025.10"
2005.02.04,"1,026.70"
2005.02.07,"1,026.20"
2005.02.11,"1,033.20"
2005.02.14,"1,025.10"
2005.02.15,"1,026.50"
2005.02.16,"1,026.20"
2005.02.17,"1,025.60"
2005.02.18,"1,024.10"
2005.02.21,"1,023.20"
2005.02.22,"1,006.50"
2005.02.23,"1,003.80"
2005.02.24,"1,006.50"
2005.02.25,"1,008.50"
2005.02.28,"1,006.00"
2005.03.02,"1,007.30"
2005.03.03,"1,006.30"
2005.03.04,"1,008.20"
2005.03.07,"1,004.60"
2005.03.08,"1,004.30"
2005.03.09,"1,001.20"
2005.03.10,"1,000.00"
2005.03.11,"1,000.30"
2005.03.14,"1,000.80"
2005.03.15,"1,003.80"
2005.03.16,"1,003.80"
2005.03.17,"1,001.00"
2005.03.18,"1,004.90"
2005.03.21,"1,009.00"
2005.03.22,"1,009.40"
2005.03.23,"1,008.40"
2005.03.24,"1,013.30"
2005.03.25,"1,014.40"
2005.03.28,"1,016.80"
2005.03.29,"1,019.10"
2005.03.30,"1,023.60"
2005.03.31,"1,015.50"
2005.04.01,"1,008.00"
2005.04.04,"1,013.30"
2005.04.06,"1,013.30"
2005.04.07,"1,012.50"
2005.04.08,"1,015.10"
2005.04.11,"1,015.00"
2005.04.12,"1,013.20"
2005.04.13,"1,011.50"
2005.04.14,"1,016.30"
2005.04.15,"1,022.50"
2005.04.18,"1,019.70"
2005.04.19,"1,013.90"
2005.04.20,"1,008.90"
2005.04.21,"1,006.20"
2005.04.22,"1,004.00"
2005.04.25,998.9
2005.04.26,998.9
2005.04.27,"1,002.80"
2005.04.28,"1,002.60"
2005.04.29,997.1
2005.05.02,"1,001.00"
2005.05.03,"1,002.30"
2005.05.04,999.8
2005.05.06,998
2005.05.09,"1,000.80"
2005.05.10,999.1
2005.05.11,"1,000.20"
2005.05.12,999.7
2005.05.13,"1,001.40"
2005.05.16,"1,009.00"
2005.05.17,"1,004.50"
2005.05.18,"1,005.20"
2005.05.19,"1,005.00"
2005.05.20,"1,004.40"
2005.05.23,"1,004.40"
2005.05.24,"1,000.80"
2005.05.25,"1,000.60"
2005.05.26,"1,001.70"
2005.05.27,"1,002.50"
2005.05.30,"1,002.50"
2005.05.31,"1,007.90"
2005.06.01,"1,010.70"
2005.06.02,"1,012.80"
2005.06.03,"1,007.80"
2005.06.07,"1,006.20"
2005.06.08,"1,005.70"
2005.06.09,"1,004.20"
2005.06.10,"1,006.20"
2005.06.13,"1,012.20"
2005.06.14,"1,013.50"
2005.06.15,"1,012.20"
2005.06.16,"1,014.20"
2005.06.17,"1,009.30"
2005.06.20,"1,008.20"
2005.06.21,"1,013.40"
2005.06.22,"1,010.30"
2005.06.23,"1,009.30"
2005.06.24,"1,012.50"
2005.06.27,"1,012.30"
2005.06.28,"1,021.00"
2005.06.29,"1,026.10"
2005.06.30,"1,025.40"
2005.07.01,"1,031.40"
2005.07.04,"1,043.40"
2005.07.05,"1,053.00"
2005.07.06,"1,047.80"
2005.07.07,"1,052.50"
2005.07.08,"1,054.80"
2005.07.11,"1,043.70"
2005.07.12,"1,039.50"
2005.07.13,"1,036.90"
2005.07.14,"1,031.80"
2005.07.15,"1,042.10"
2005.07.18,"1,034.80"
2005.07.19,"1,039.90"
2005.07.20,"1,042.30"
2005.07.21,"1,035.50"
2005.07.22,"1,021.20"
2005.07.25,"1,022.70"
2005.07.26,"1,026.90"
2005.07.27,"1,031.00"
2005.07.28,"1,027.90"
2005.07.29,"1,026.80"
2005.08.01,"1,024.40"
2005.08.02,"1,020.40"
2005.08.03,"1,017.30"
2005.08.04,"1,011.60"
2005.08.05,"1,013.90"
2005.08.08,"1,016.00"
2005.08.09,"1,012.90"
2005.08.10,"1,014.70"
2005.08.11,"1,014.80"
2005.08.12,"1,013.80"
2005.08.16,"1,016.30"
2005.08.17,"1,018.00"
2005.08.18,"1,018.50"
2005.08.19,"1,025.50"
2005.08.22,"1,022.60"
2005.08.23,"1,027.20"
2005.08.24,"1,027.80"
2005.08.25,"1,024.00"
2005.08.26,"1,028.70"
2005.08.29,"1,031.20"
2005.08.30,"1,034.20"
2005.08.31,"1,038.40"
2005.09.01,"1,036.40"
2005.09.02,"1,026.40"
2005.09.05,"1,022.50"
2005.09.06,"1,024.10"
2005.09.07,"1,026.00"
2005.09.08,"1,025.70"
2005.09.09,"1,027.10"
2005.09.12,"1,024.90"
2005.09.13,"1,025.70"
2005.09.14,"1,025.20"
2005.09.15,"1,024.70"
2005.09.16,"1,027.80"
2005.09.20,"1,028.60"
2005.09.21,"1,029.80"
2005.09.22,"1,027.60"
2005.09.23,"1,030.90"
2005.09.26,"1,034.70"
2005.09.27,"1,035.80"
2005.09.28,"1,037.30"
2005.09.29,"1,037.00"
2005.09.30,"1,041.00"
2005.10.04,"1,041.00"
2005.10.05,"1,039.10"
2005.10.06,"1,041.90"
2005.10.07,"1,037.20"
2005.10.10,"1,037.90"
2005.10.11,"1,041.70"
2005.10.12,"1,042.90"
2005.10.13,"1,047.70"
2005.10.14,"1,045.00"
2005.10.17,"1,047.30"
2005.10.18,"1,051.30"
2005.10.19,"1,054.80"
2005.10.20,"1,055.80"
2005.10.21,"1,057.90"
2005.10.24,"1,058.10"
2005.10.25,"1,055.00"
2005.10.26,"1,042.50"
2005.10.27,"1,043.30"
2005.10.28,"1,042.30"
2005.10.31,"1,040.20"
2005.11.01,"1,042.30"
2005.11.02,"1,039.50"
2005.11.03,"1,043.60"
2005.11.04,"1,047.90"
2005.11.07,"1,049.50"
2005.11.08,"1,048.40"
2005.11.09,"1,046.00"
2005.11.10,"1,044.70"
2005.11.11,"1,041.40"
2005.11.14,"1,038.00"
2005.11.15,"1,034.50"
2005.11.16,"1,037.30"
2005.11.17,"1,035.50"
2005.11.18,"1,036.10"
2005.11.21,"1,039.30"
2005.11.22,"1,044.50"
2005.11.23,"1,036.80"
2005.11.24,"1,037.90"
2005.11.25,"1,041.20"
2005.11.28,"1,038.50"
2005.11.29,"1,036.30"
2005.11.30,"1,033.50"
2005.12.01,"1,034.70"
2005.12.02,"1,038.50"
2005.12.05,"1,036.40"
2005.12.06,"1,034.20"
2005.12.07,"1,035.40"
2005.12.08,"1,034.40"
2005.12.09,"1,033.80"
2005.12.12,"1,033.70"
2005.12.13,"1,026.00"
2005.12.14,"1,016.40"
2005.12.15,"1,014.00"
2005.12.16,"1,016.20"
2005.12.19,"1,017.70"
2005.12.20,"1,016.50"
2005.12.21,"1,018.30"
2005.12.22,"1,017.60"
2005.12.23,"1,013.50"
2005.12.26,"1,011.80"
2005.12.27,"1,012.50"
2005.12.28,"1,012.60"
2005.12.29,"1,011.60"
2005.12.30,"1,004.50"
2006.01.02,"1,008.00"
2006.01.03,"1,005.40"
2006.01.04,998.4
2006.01.05,987.3
2006.01.06,988.1
2006.01.09,977.5
2006.01.10,982.1
2006.01.11,984.7
2006.01.12,974
2006.01.13,987.8
2006.01.16,982.5
2006.01.17,989.1
2006.01.18,992.1
2006.01.19,985
2006.01.20,986.8
2006.01.23,981.3
2006.01.24,975.5
2006.01.25,968.9
2006.01.26,969
2006.01.27,970.8
2006.01.31,964.6
2006.02.01,961
2006.02.02,972
2006.02.03,970.3
2006.02.06,962.6
2006.02.07,967.8
2006.02.08,970.8
2006.02.09,972.8
2006.02.10,967.8
2006.02.13,976.8
2006.02.14,969.9
2006.02.15,974
2006.02.16,974.6
2006.02.17,972.8
2006.02.20,967.2
2006.02.21,968.6
2006.02.22,974.5
2006.02.23,969.1
2006.02.24,966.4
2006.02.27,969
2006.02.28,970.9
2006.03.02,969.1
2006.03.03,971.3
2006.03.06,974.9
2006.03.07,976.6
2006.03.08,982.1
2006.03.09,982.2
2006.03.10,980.2
2006.03.13,980.4
2006.03.14,977
2006.03.15,974.8
2006.03.16,975
2006.03.17,971.2
2006.03.20,967.1
2006.03.21,968.4
2006.03.22,973.6
2006.03.23,975.6
2006.03.24,979.2
2006.03.27,975.7
2006.03.28,976.8
2006.03.29,975.5
2006.03.30,976.1
2006.03.31,971.6
2006.04.03,970.8
2006.04.04,963.2
2006.04.05,957.3
2006.04.06,953.7
2006.04.07,953.2
2006.04.10,953.6
2006.04.11,954.7
2006.04.12,960.4
2006.04.13,961.5
2006.04.14,958.4
2006.04.17,955.6
2006.04.18,953.8
2006.04.19,945.6
2006.04.20,948.5
2006.04.21,948.6
2006.04.24,939.8
2006.04.25,945.1
2006.04.26,946.5
2006.04.27,944.9
2006.04.28,943.4
2006.05.02,940.1
2006.05.03,934.3
2006.05.04,939.6
2006.05.08,928
2006.05.09,932
2006.05.10,929.6
2006.05.11,935.6
2006.05.12,932.7
2006.05.15,943.6
2006.05.16,944.9
2006.05.17,936.9
2006.05.18,947
2006.05.19,946.3
2006.05.22,952.3
2006.05.23,943.9
2006.05.24,949.7
2006.05.25,949.1
2006.05.26,945.6
2006.05.29,947.4
2006.05.30,945.6
2006.06.01,947.3
2006.06.02,948
2006.06.05,943
2006.06.07,948.2
2006.06.08,953.4
2006.06.09,954.4
2006.06.12,956.8
2006.06.13,961.8
2006.06.14,962
2006.06.15,959.5
2006.06.16,955.8
2006.06.19,961.3
2006.06.20,956.6
2006.06.21,955.8
2006.06.22,955.1
2006.06.23,956.1
2006.06.26,959.6
2006.06.27,958.8
2006.06.28,957.7
2006.06.29,960.5
2006.06.30,948.9
2006.07.03,944.9
2006.07.04,943.4
2006.07.05,946.7
2006.07.06,949.5
2006.07.07,947.9
2006.07.10,942
2006.07.11,946.8
2006.07.12,948.8
2006.07.13,949.2
2006.07.14,953.8
2006.07.18,958.6
2006.07.19,957.9
2006.07.20,951.9
2006.07.21,950.1
2006.07.24,951.7
2006.07.25,952.2
2006.07.26,954.6
2006.07.27,952.2
2006.07.28,953.9
2006.07.31,955.2
2006.08.01,956
2006.08.02,962.3
2006.08.03,965.7
2006.08.04,964.8
2006.08.07,962.6
2006.08.08,963.7
2006.08.09,959.5
2006.08.10,957.9
2006.08.11,961.7
2006.08.14,965.8
2006.08.16,965.2
2006.08.17,961
2006.08.18,958.6
2006.08.21,956.6
2006.08.22,956.3
2006.08.23,955.7
2006.08.24,959.2
2006.08.25,961.9
2006.08.28,964
2006.08.29,961
2006.08.30,961.4
2006.08.31,961.5
2006.09.01,960.5
2006.09.04,957.9
2006.09.05,956.6
2006.09.06,957
2006.09.07,956.4
2006.09.08,956.3
2006.09.11,957.5
2006.09.12,959.4
2006.09.13,959
2006.09.14,957.7
2006.09.15,956.3
2006.09.18,956.5
2006.09.19,952.2
2006.09.20,950.8
2006.09.21,944.3
2006.09.22,947.2
2006.09.25,944
2006.09.26,944.2
2006.09.27,943.7
2006.09.28,944.7
2006.09.29,946.2
2006.10.02,947.9
2006.10.04,949.1
2006.10.09,963.9
2006.10.10,959.5
2006.10.11,958.2
2006.10.12,957.8
2006.10.13,955.2
2006.10.16,955.5
2006.10.17,954.5
2006.10.18,955.4
2006.10.19,957.4
2006.10.20,957.4
2006.10.23,959.6
2006.10.24,958.6
2006.10.25,955.8
2006.10.26,949.8
2006.10.27,947.3
2006.10.30,944.6
2006.10.31,942.3
2006.11.01,939.5
2006.11.02,939
2006.11.03,937
2006.11.06,942.4
2006.11.07,938.7
2006.11.08,935.2
2006.11.09,936.6
2006.11.10,934.1
2006.11.13,935.1
2006.11.14,937.1
2006.11.15,941.5
2006.11.16,937.5
2006.11.17,938.8
2006.11.20,935.4
2006.11.21,935.5
2006.11.22,934.1
2006.11.23,930.5
2006.11.24,932.1
2006.11.27,930.6
2006.11.28,930.8
2006.11.29,930.5
2006.11.30,929.5
2006.12.01,928.6
2006.12.04,927.6
2006.12.05,924.3
2006.12.06,916.6
2006.12.07,913.9
2006.12.08,920.3
2006.12.11,926.1
2006.12.12,922.7
2006.12.13,922.6
2006.12.14,920.7
2006.12.15,923.2
2006.12.18,927.1
2006.12.19,931.5
2006.12.20,925.8
2006.12.21,927.3
2006.12.22,928.6
2006.12.26,929.9
2006.12.27,930.6
2006.12.28,928.6
2006.12.29,928.6
2007.01.02,926
2007.01.03,926.1
2007.01.04,931.3
2007.01.05,934.2
2007.01.08,938.2
2007.01.09,938.5
2007.01.10,937.8
2007.01.11,938.9
2007.01.12,940
2007.01.15,938.6
2007.01.16,935.6
2007.01.17,937
2007.01.18,936.8
2007.01.19,936.3
2007.01.22,940.1
2007.01.23,940.3
2007.01.24,936
2007.01.25,936
2007.01.26,940.5
2007.01.29,940.5
2007.01.30,942.5
2007.01.31,940.9
2007.02.01,937.1
2007.02.02,937.2
2007.02.05,935.8
2007.02.06,932.9
2007.02.07,933.7
2007.02.08,935.1
2007.02.09,934.6
2007.02.12,937.6
2007.02.13,939.5
2007.02.14,938.5
2007.02.15,934.8
2007.02.16,936.4
2007.02.20,938.5
2007.02.21,938.5
2007.02.22,938.9
2007.02.23,938.1
2007.02.26,938.7
2007.02.27,938.8
2007.02.28,941.8
2007.03.02,943
2007.03.05,951.4
2007.03.06,947.7
2007.03.07,948.7
2007.03.08,947.9
2007.03.09,945.9
2007.03.12,944
2007.03.13,944.6
2007.03.14,946.3
2007.03.15,944.5
2007.03.16,944.8
2007.03.19,943.7
2007.03.20,941.7
2007.03.21,938
2007.03.22,938
2007.03.23,937.9
2007.03.26,938.7
2007.03.27,940.9
2007.03.28,939.1
2007.03.29,940.5
2007.03.30,940.9
2007.04.02,937.3
2007.04.03,936.8
2007.04.04,936.3
2007.04.05,932.9
2007.04.06,931.9
2007.04.09,933
2007.04.10,933.9
2007.04.11,932.2
2007.04.12,931.8
2007.04.13,929.2
2007.04.16,931.8
2007.04.17,929
2007.04.18,928.2
2007.04.19,928.8
2007.04.20,927.5
2007.04.23,926.3
2007.04.24,927.5
2007.04.25,926.7
2007.04.26,929
2007.04.27,929.2
2007.04.30,930.8
2007.05.02,930
2007.05.03,926.9
2007.05.04,927.6
2007.05.07,922.4
2007.05.08,923
2007.05.09,923.5
2007.05.10,925.1
2007.05.11,926.8
2007.05.14,924.1
2007.05.15,924.2
2007.05.16,924
2007.05.17,928.1
2007.05.18,934.1
2007.05.21,930.2
2007.05.22,930.4
2007.05.23,931.4
2007.05.25,928.3
2007.05.28,928.8
2007.05.29,927.6
2007.05.30,931
2007.05.31,927.7
2007.06.01,928.4
2007.06.04,928.1
2007.06.05,927
2007.06.07,926.8
2007.06.08,931
2007.06.11,932.5
2007.06.12,929.5
2007.06.13,931.5
2007.06.14,929.9
2007.06.15,928.7
2007.06.18,928.3
2007.06.19,927.7
2007.06.20,927.8
2007.06.21,927
2007.06.22,928.5
2007.06.25,926.6
2007.06.26,926.3
2007.06.27,927.7
2007.06.28,926.9
2007.06.29,923.8
2007.07.02,921.7
2007.07.03,918
2007.07.04,919.9
2007.07.05,922
2007.07.06,919.6
2007.07.09,920.9
2007.07.10,920
2007.07.11,919.2
2007.07.12,918.3
2007.07.13,916.9
2007.07.16,918.2
2007.07.18,916.1
2007.07.19,916
2007.07.20,915
2007.07.23,915.2
2007.07.24,914.1
2007.07.25,914
2007.07.26,918.2
2007.07.27,921.7
2007.07.30,923.3
2007.07.31,919.3
2007.08.01,925.1
2007.08.02,922.8
2007.08.03,922.9
2007.08.06,923.4
2007.08.07,922.9
2007.08.08,924.2
2007.08.09,922.9
2007.08.10,931.9
2007.08.13,929.6
2007.08.14,932.5
2007.08.16,946.3
2007.08.17,950.4
2007.08.20,943
2007.08.21,943.5
2007.08.22,944.2
2007.08.23,941.6
2007.08.24,941.7
2007.08.27,938.6
2007.08.28,939.7
2007.08.29,942.1
2007.08.30,940.5
2007.08.31,938.3
2007.09.03,937.4
2007.09.04,939.2
2007.09.05,938.1
2007.09.06,939.2
2007.09.07,938
2007.09.10,939.1
2007.09.11,936.3
2007.09.12,932.5
2007.09.13,931.5
2007.09.14,928.3
2007.09.17,928.5
2007.09.18,930.7
2007.09.19,926.7
2007.09.20,923.1
2007.09.21,921.1
2007.09.27,920.3
2007.09.28,915.2
2007.10.01,913.7
2007.10.02,913.9
2007.10.04,916.5
2007.10.05,916.7
2007.10.08,914.6
2007.10.09,918.5
2007.10.10,916.3
2007.10.11,917.1
2007.10.12,918.3
2007.10.15,916.9
2007.10.16,917.5
2007.10.17,918.4
2007.10.18,917.8
2007.10.19,915.8
2007.10.22,917
2007.10.23,918
2007.10.24,917.9
2007.10.25,916.6
2007.10.26,909.9
2007.10.29,907
2007.10.30,907
2007.10.31,900.7
2007.11.01,903.6
2007.11.02,907.1
2007.11.05,908
2007.11.06,907.8
2007.11.07,906.1
2007.11.08,908.5
2007.11.09,906.8
2007.11.12,911.3
2007.11.13,918.7
2007.11.14,913.5
2007.11.15,915.5
2007.11.16,917.4
2007.11.19,919
2007.11.20,922.2
2007.11.21,928.9
2007.11.22,933.6
2007.11.23,930.6
2007.11.26,929.3
2007.11.27,929.3
2007.11.28,931.4
2007.11.29,928.7
2007.11.30,921.1
2007.12.03,925
2007.12.04,922.5
2007.12.05,923.3
2007.12.06,922.1
2007.12.07,919.2
2007.12.10,923.6
2007.12.11,924
2007.12.12,926.5
2007.12.13,925
2007.12.14,930.1
2007.12.17,933.6
2007.12.18,939.4
2007.12.20,943.7
2007.12.21,940.7
2007.12.24,939.6
2007.12.26,939
2007.12.27,940
2007.12.28,936.1
2007.12.31,932
2008.01.02,936.9
2008.01.03,936.6
2008.01.04,938.5
2008.01.07,940.5
2008.01.08,939.3
2008.01.09,937.4
2008.01.10,937.6
2008.01.11,937.6
2008.01.14,937.3
2008.01.15,935.7
2008.01.16,940.1
2008.01.17,945.6
2008.01.18,942.8
2008.01.21,948.5
2008.01.22,954
2008.01.23,952.8
2008.01.24,949.4
2008.01.25,946.5
2008.01.28,949.8
2008.01.29,944.3
2008.01.30,944.7
2008.01.31,943.9
2008.02.01,944.2
2008.02.04,942.8
2008.02.05,941.7
2008.02.11,945.3
2008.02.12,945.4
2008.02.13,945.9
2008.02.14,945.3
2008.02.15,945.1
2008.02.18,945.3
2008.02.19,943.9
2008.02.20,946
2008.02.21,948.4
2008.02.22,948.5
2008.02.25,947.2
2008.02.26,947.3
2008.02.27,941
2008.02.28,936.5
2008.02.29,939
2008.03.03,946.9
2008.03.04,947.2
2008.03.05,948.3
2008.03.06,949.6
2008.03.07,957.5
2008.03.10,965.3
2008.03.11,970
2008.03.12,971.3
2008.03.13,982.4
2008.03.14,997.3
2008.03.17,"1,029.20"
2008.03.18,"1,014.00"
2008.03.19,"1,009.10"
2008.03.20,"1,010.00"
2008.03.21,"1,003.10"
2008.03.24,997.2
2008.03.25,976.5
2008.03.26,986.8
2008.03.27,987.8
2008.03.28,993
2008.03.31,990.4
2008.04.01,983.8
2008.04.02,974.7
2008.04.03,975.6
2008.04.04,973.8
2008.04.07,974.9
2008.04.08,976.1
2008.04.10,976.3
2008.04.11,975.7
2008.04.14,979.7
2008.04.15,986.9
2008.04.16,989.5
2008.04.17,994.2
2008.04.18,999.3
2008.04.21,991.5
2008.04.22,998.5
2008.04.23,992.5
2008.04.24,996.5
2008.04.25,996
2008.04.28,996.6
2008.04.29,"1,001.00"
2008.04.30,"1,003.50"
2008.05.02,"1,011.20"
2008.05.06,"1,016.30"
2008.05.07,"1,026.10"
2008.05.08,"1,047.50"
2008.05.09,"1,044.70"
2008.05.13,"1,044.00"
2008.05.14,"1,050.50"
2008.05.15,"1,045.10"
2008.05.16,"1,041.00"
2008.05.19,"1,043.20"
2008.05.20,"1,045.00"
2008.05.21,"1,043.50"
2008.05.22,"1,045.00"
2008.05.23,"1,047.60"
2008.05.26,"1,048.50"
2008.05.27,"1,041.50"
2008.05.28,"1,037.00"
2008.05.29,"1,030.30"
2008.05.30,"1,030.10"
2008.06.02,"1,023.70"
2008.06.03,"1,016.90"
2008.06.04,"1,017.30"
2008.06.05,"1,023.50"
2008.06.09,"1,031.80"
2008.06.10,"1,026.00"
2008.06.11,"1,030.00"
2008.06.12,"1,035.00"
2008.06.13,"1,043.00"
2008.06.16,"1,040.00"
2008.06.17,"1,025.00"
2008.06.18,"1,030.00"
2008.06.19,"1,028.00"
2008.06.20,"1,029.00"
2008.06.23,"1,041.00"
2008.06.24,"1,034.50"
2008.06.25,"1,039.00"
2008.06.26,"1,038.00"
2008.06.27,"1,042.50"
2008.06.30,"1,046.00"
2008.07.01,"1,047.00"
2008.07.02,"1,042.00"
2008.07.03,"1,045.00"
2008.07.04,"1,050.40"
2008.07.07,"1,042.90"
2008.07.08,"1,032.70"
2008.07.09,"1,006.50"
2008.07.10,"1,003.50"
2008.07.11,"1,003.00"
2008.07.14,"1,004.60"
2008.07.15,"1,010.50"
2008.07.16,"1,009.30"
2008.07.17,"1,012.80"
2008.07.18,"1,013.80"
2008.07.21,"1,019.50"
2008.07.22,"1,017.60"
2008.07.23,"1,013.80"
2008.07.24,"1,007.10"
2008.07.25,"1,010.00"
2008.07.28,"1,006.00"
2008.07.29,"1,008.80"
2008.07.30,"1,013.50"
2008.07.31,"1,012.10"
2008.08.01,"1,014.60"
2008.08.04,"1,017.40"
2008.08.05,"1,017.90"
2008.08.06,"1,015.90"
2008.08.07,"1,016.50"
2008.08.08,"1,027.90"
2008.08.11,"1,033.00"
2008.08.12,"1,034.70"
2008.08.13,"1,039.40"
2008.08.14,"1,039.80"
2008.08.18,"1,046.90"
2008.08.19,"1,049.40"
2008.08.20,"1,049.30"
2008.08.21,"1,054.00"
2008.08.22,"1,063.50"
2008.08.25,"1,078.90"
2008.08.26,"1,089.40"
2008.08.27,"1,084.10"
2008.08.28,"1,081.80"
2008.08.29,"1,089.00"
2008.09.01,"1,116.00"
2008.09.02,"1,134.00"
2008.09.03,"1,148.50"
2008.09.04,"1,126.00"
2008.09.05,"1,120.50"
2008.09.08,"1,086.00"
2008.09.09,"1,101.30"
2008.09.10,"1,092.50"
2008.09.11,"1,108.50"
2008.09.12,"1,110.10"
2008.09.16,"1,161.00"
2008.09.17,"1,121.00"
2008.09.18,"1,143.00"
2008.09.19,"1,136.00"
2008.09.22,"1,137.00"
2008.09.23,"1,143.00"
2008.09.24,"1,154.50"
2008.09.25,"1,155.00"
2008.09.26,"1,166.00"
2008.09.29,"1,185.00"
2008.09.30,"1,207.00"
2008.10.01,"1,187.00"
2008.10.02,"1,223.50"
2008.10.06,"1,272.00"
2008.10.07,"1,312.00"
2008.10.08,"1,395.00"
2008.10.09,"1,373.00"
2008.10.10,"1,284.00"
2008.10.13,"1,236.00"
2008.10.14,"1,205.00"
2008.10.15,"1,243.00"
2008.10.16,"1,345.00"
2008.10.17,"1,310.00"
2008.10.20,"1,315.00"
2008.10.21,"1,325.50"
2008.10.22,"1,363.00"
2008.10.23,"1,408.80"
2008.10.24,"1,440.00"
2008.10.27,"1,454.50"
2008.10.28,"1,466.00"
2008.10.29,"1,420.00"
2008.10.30,"1,269.00"
2008.10.31,"1,298.00"
2008.11.03,"1,263.00"
2008.11.04,"1,280.00"
2008.11.05,"1,266.00"
2008.11.06,"1,327.00"
2008.11.07,"1,323.00"
2008.11.10,"1,333.00"
2008.11.11,"1,346.00"
2008.11.12,"1,353.00"
2008.11.13,"1,390.00"
2008.11.14,"1,397.50"
2008.11.17,"1,404.00"
2008.11.18,"1,437.00"
2008.11.19,"1,446.50"
2008.11.20,"1,500.00"
2008.11.21,"1,505.00"
2008.11.24,"1,515.00"
2008.11.25,"1,502.30"
2008.11.26,"1,478.10"
2008.11.27,"1,478.00"
2008.11.28,"1,463.00"
2008.12.01,"1,450.00"
2008.12.02,"1,466.00"
2008.12.03,"1,470.00"
2008.12.04,"1,477.00"
2008.12.05,"1,475.50"
2008.12.08,"1,452.00"
2008.12.09,"1,448.00"
2008.12.10,"1,393.80"
2008.12.11,"1,358.50"
2008.12.12,"1,376.00"
2008.12.15,"1,371.00"
2008.12.16,"1,362.00"
2008.12.17,"1,314.00"
2008.12.18,"1,292.00"
2008.12.19,"1,290.00"
2008.12.22,"1,315.00"
2008.12.23,"1,354.00"
2008.12.24,"1,313.00"
2008.12.26,"1,303.00"
2008.12.29,"1,285.00"
2008.12.30,"1,325.00"
2008.12.31,"1,310.00"
2009.01.02,"1,328.00"
2009.01.05,"1,318.00"
2009.01.06,"1,308.00"
2009.01.07,"1,295.00"
2009.01.08,"1,332.00"
2009.01.09,"1,335.00"
2009.01.12,"1,354.50"
2009.01.13,"1,353.00"
2009.01.14,"1,344.00"
2009.01.15,"1,382.00"
2009.01.16,"1,360.00"
2009.01.19,"1,370.00"
2009.01.20,"1,375.50"
2009.01.21,"1,375.00"
2009.01.22,"1,375.00"
2009.01.23,"1,391.50"
2009.01.28,"1,377.00"
2009.01.29,"1,375.00"
2009.01.30,"1,379.50"
2009.02.02,"1,391.00"
2009.02.03,"1,391.00"
2009.02.04,"1,383.00"
2009.02.05,"1,383.00"
2009.02.06,"1,377.00"
2009.02.09,"1,383.00"
2009.02.10,"1,384.50"
2009.02.11,"1,395.00"
2009.02.12,"1,401.00"
2009.02.13,"1,404.20"
2009.02.16,"1,428.00"
2009.02.17,"1,460.00"
2009.02.18,"1,463.00"
2009.02.19,"1,487.00"
2009.02.20,"1,507.00"
2009.02.23,"1,487.00"
2009.02.24,"1,514.00"
2009.02.25,"1,515.00"
2009.02.26,"1,515.00"
2009.02.27,"1,533.00"
2009.03.02,"1,575.00"
2009.03.03,"1,552.40"
2009.03.04,"1,551.00"
2009.03.05,"1,564.00"
2009.03.06,"1,550.00"
2009.03.09,"1,548.50"
2009.03.10,"1,516.00"
2009.03.11,"1,480.00"
2009.03.12,"1,498.00"
2009.03.13,"1,485.00"
2009.03.16,"1,432.00"
2009.03.17,"1,408.50"
2009.03.18,"1,421.50"
2009.03.19,"1,396.00"
2009.03.20,"1,405.00"
2009.03.23,"1,391.00"
2009.03.24,"1,380.00"
2009.03.25,"1,365.00"
2009.03.26,"1,338.00"
2009.03.27,"1,349.00"
2009.03.30,"1,395.00"
2009.03.31,"1,368.00"
2009.04.01,"1,382.00"
2009.04.02,"1,334.50"
2009.04.03,"1,341.00"
2009.04.06,"1,313.50"
2009.04.07,"1,322.50"
2009.04.08,"1,352.00"
2009.04.09,"1,325.00"
2009.04.10,"1,334.00"
2009.04.13,"1,325.00"
2009.04.14,"1,323.50"
2009.04.15,"1,332.00"
2009.04.16,"1,334.00"
2009.04.17,"1,332.00"
2009.04.20,"1,337.00"
2009.04.21,"1,349.50"
2009.04.22,"1,354.00"
2009.04.23,"1,346.00"
2009.04.24,"1,342.00"
2009.04.27,"1,346.00"
2009.04.28,"1,356.80"
2009.04.29,"1,335.00"
2009.04.30,"1,290.00"
2009.05.04,"1,274.30"
2009.05.06,"1,272.00"
2009.05.07,"1,263.00"
2009.05.08,"1,246.00"
2009.05.11,"1,247.00"
2009.05.12,"1,238.00"
2009.05.13,"1,243.00"
2009.05.14,"1,267.20"
2009.05.15,"1,263.00"
2009.05.18,"1,258.00"
2009.05.19,"1,242.00"
2009.05.20,"1,245.00"
2009.05.21,"1,245.00"
2009.05.22,"1,246.50"
2009.05.25,"1,253.00"
2009.05.26,"1,267.00"
2009.05.27,"1,270.00"
2009.05.28,"1,256.90"
2009.05.29,"1,253.00"
2009.06.01,"1,233.50"
2009.06.02,"1,241.00"
2009.06.03,"1,234.50"
2009.06.04,"1,245.00"
2009.06.05,"1,245.00"
2009.06.08,"1,257.00"
2009.06.09,"1,263.00"
2009.06.10,"1,245.50"
2009.06.11,"1,254.00"
2009.06.12,"1,254.00"
2009.06.15,"1,266.00"
2009.06.16,"1,256.50"
2009.06.17,"1,260.00"
2009.06.18,"1,265.00"
2009.06.19,"1,267.00"
2009.06.22,"1,276.50"
2009.06.23,"1,286.00"
2009.06.24,"1,284.00"
2009.06.25,"1,289.50"
2009.06.26,"1,284.30"
2009.06.29,"1,284.50"
2009.06.30,"1,272.00"
2009.07.01,"1,264.00"
2009.07.02,"1,269.50"
2009.07.03,"1,269.00"
2009.07.06,"1,272.50"
2009.07.07,"1,273.50"
2009.07.08,"1,279.30"
2009.07.09,"1,278.40"
2009.07.10,"1,285.00"
2009.07.13,"1,307.50"
2009.07.14,"1,294.00"
2009.07.15,"1,278.00"
2009.07.16,"1,268.00"
2009.07.17,"1,260.00"
2009.07.20,"1,247.00"
2009.07.21,"1,250.00"
2009.07.22,"1,250.00"
2009.07.23,"1,248.50"
2009.07.24,"1,248.50"
2009.07.27,"1,243.00"
2009.07.28,"1,234.50"
2009.07.29,"1,243.00"
2009.07.30,"1,236.00"
2009.07.31,"1,229.50"
2009.08.03,"1,221.50"
2009.08.04,"1,221.50"
2009.08.05,"1,225.00"
2009.08.06,"1,224.00"
2009.08.07,"1,229.00"
2009.08.10,"1,227.50"
2009.08.11,"1,237.00"
2009.08.12,"1,250.00"
2009.08.13,"1,236.00"
2009.08.14,"1,239.00"
2009.08.17,"1,257.50"
2009.08.18,"1,248.50"
2009.08.19,"1,257.50"
2009.08.20,"1,246.50"
2009.08.21,"1,249.00"
2009.08.24,"1,242.50"
2009.08.25,"1,247.00"
2009.08.26,"1,246.50"
2009.08.27,"1,248.00"
2009.08.28,"1,245.50"
2009.08.31,"1,249.50"
2009.09.01,"1,242.50"
2009.09.02,"1,250.50"
2009.09.03,"1,245.50"
2009.09.04,"1,241.50"
2009.09.07,"1,234.50"
2009.09.08,"1,229.50"
2009.09.09,"1,228.00"
2009.09.10,"1,223.00"
2009.09.11,"1,222.00"
2009.09.14,"1,226.00"
2009.09.15,"1,216.50"
2009.09.16,"1,207.50"
2009.09.17,"1,206.00"
2009.09.18,"1,209.30"
2009.09.21,"1,206.50"
2009.09.22,"1,201.50"
2009.09.23,"1,196.50"
2009.09.24,"1,191.00"
2009.09.25,"1,185.50"
2009.09.28,"1,195.00"
2009.09.29,"1,188.50"
2009.09.30,"1,178.00"
2009.10.01,"1,174.50"
2009.10.05,"1,172.50"
2009.10.06,"1,170.50"
2009.10.07,"1,170.50"
2009.10.08,"1,166.50"
2009.10.09,"1,164.00"
2009.10.12,"1,171.00"
2009.10.13,"1,169.00"
2009.10.14,"1,164.00"
2009.10.15,"1,156.50"
2009.10.16,"1,163.50"
2009.10.19,"1,169.00"
2009.10.20,"1,167.00"
2009.10.21,"1,177.00"
2009.10.22,"1,193.00"
2009.10.23,"1,182.00"
2009.10.26,"1,176.50"
2009.10.27,"1,185.00"
2009.10.28,"1,194.00"
2009.10.29,"1,193.00"
2009.10.30,"1,184.00"
2009.11.02,"1,184.00"
2009.11.03,"1,183.00"
2009.11.04,"1,181.50"
2009.11.05,"1,182.00"
2009.11.06,"1,168.00"
2009.11.09,"1,159.50"
2009.11.10,"1,160.00"
2009.11.11,"1,157.00"
2009.11.12,"1,158.50"
2009.11.13,"1,160.00"
2009.11.16,"1,154.00"
2009.11.17,"1,154.00"
2009.11.18,"1,153.50"
2009.11.19,"1,158.00"
2009.11.20,"1,160.00"
2009.11.23,"1,154.50"
2009.11.24,"1,158.50"
2009.11.25,"1,153.00"
2009.11.26,"1,155.50"
2009.11.27,"1,182.00"
2009.11.30,"1,161.00"
2009.12.01,"1,161.00"
2009.12.02,"1,154.50"
2009.12.03,"1,151.00"
2009.12.04,"1,150.00"
2009.12.07,"1,154.00"
2009.12.08,"1,157.00"
2009.12.09,"1,162.00"
2009.12.10,"1,164.50"
2009.12.11,"1,163.50"
2009.12.14,"1,158.00"
2009.12.15,"1,161.60"
2009.12.16,"1,164.50"
2009.12.17,"1,178.50"
2009.12.18,"1,177.00"
2009.12.21,"1,184.00"
2009.12.22,"1,179.00"
2009.12.23,"1,184.50"
2009.12.24,"1,176.00"
2009.12.28,"1,170.50"
2009.12.29,"1,170.50"
2009.12.30,"1,163.00"
2009.12.31,"1,159.00"
2010.01.04,"1,153.00"
2010.01.05,"1,140.50"
2010.01.06,"1,138.50"
2010.01.07,"1,135.50"
2010.01.08,"1,132.00"
2010.01.11,"1,119.50"
2010.01.12,"1,123.00"
2010.01.13,"1,125.50"
2010.01.14,"1,121.70"
2010.01.15,"1,124.00"
2010.01.18,"1,125.50"
2010.01.19,"1,127.00"
2010.01.20,"1,137.50"
2010.01.21,"1,138.50"
2010.01.22,"1,146.00"
2010.01.25,"1,149.50"
2010.01.26,"1,164.00"
2010.01.27,"1,162.50"
2010.01.28,"1,151.50"
2010.01.29,"1,157.00"
2010.02.01,"1,168.00"
2010.02.02,"1,159.00"
2010.02.03,"1,148.50"
2010.02.04,"1,153.00"
2010.02.05,"1,171.00"
2010.02.08,"1,172.00"
2010.02.09,"1,161.50"
2010.02.10,"1,158.50"
2010.02.11,"1,157.10"
2010.02.12,"1,153.00"
2010.02.16,"1,151.00"
2010.02.17,"1,143.50"
2010.02.18,"1,148.50"
2010.02.19,"1,160.50"
2010.02.22,"1,147.50"
2010.02.23,"1,146.50"
2010.02.24,"1,154.00"
2010.02.25,"1,162.00"
2010.02.26,"1,159.00"
2010.03.02,"1,153.00"
2010.03.03,"1,147.00"
2010.03.04,"1,146.00"
2010.03.05,"1,141.00"
2010.03.08,"1,131.50"
2010.03.09,"1,135.00"
2010.03.10,"1,132.00"
2010.03.11,"1,133.00"
2010.03.12,"1,128.30"
2010.03.15,"1,134.70"
2010.03.16,"1,134.50"
2010.03.17,"1,128.30"
2010.03.18,"1,133.70"
2010.03.19,"1,132.70"
2010.03.22,"1,136.50"
2010.03.23,"1,138.50"
2010.03.24,"1,137.50"
2010.03.25,"1,141.00"
2010.03.26,"1,139.50"
2010.03.29,"1,133.00"
2010.03.30,"1,131.00"
2010.03.31,"1,129.00"
2010.04.01,"1,126.50"
2010.04.02,"1,126.00"
2010.04.05,"1,122.50"
2010.04.06,"1,122.70"
2010.04.07,"1,121.00"
2010.04.08,"1,124.00"
2010.04.09,"1,116.00"
2010.04.12,"1,115.50"
2010.04.13,"1,122.00"
2010.04.14,"1,113.50"
2010.04.15,"1,109.50"
2010.04.16,"1,110.30"
2010.04.19,"1,120.00"
2010.04.20,"1,116.00"
2010.04.21,"1,108.50"
2010.04.22,"1,108.30"
2010.04.23,"1,109.50"
2010.04.26,"1,104.10"
2010.04.27,"1,112.00"
2010.04.28,"1,119.50"
2010.04.29,"1,114.90"
2010.04.30,"1,107.00"
2010.05.03,"1,117.50"
2010.05.04,"1,116.50"
2010.05.06,"1,144.00"
2010.05.07,"1,153.00"
2010.05.10,"1,127.00"
2010.05.11,"1,135.70"
2010.05.12,"1,139.00"
2010.05.13,"1,128.00"
2010.05.14,"1,133.10"
2010.05.17,"1,153.50"
2010.05.18,"1,143.50"
2010.05.19,"1,165.10"
2010.05.20,"1,189.00"
2010.05.24,"1,214.50"
2010.05.25,"1,272.00"
2010.05.26,"1,253.30"
2010.05.27,"1,224.00"
2010.05.28,"1,191.00"
2010.05.31,"1,202.50"
2010.06.01,"1,227.00"
2010.06.03,"1,204.00"
2010.06.04,"1,201.80"
2010.06.07,"1,234.00"
2010.06.08,"1,233.40"
2010.06.09,"1,253.00"
2010.06.10,"1,248.00"
2010.06.11,"1,251.00"
2010.06.14,"1,223.50"
2010.06.15,"1,228.00"
2010.06.16,"1,212.00"
2010.06.17,"1,213.50"
2010.06.18,"1,197.00"
2010.06.21,"1,174.00"
2010.06.22,"1,183.00"
2010.06.23,"1,185.00"
2010.06.24,"1,196.00"
2010.06.25,"1,217.00"
2010.06.28,"1,204.00"
2010.06.29,"1,217.00"
2010.06.30,"1,219.00"
2010.07.01,"1,227.00"
2010.07.02,"1,227.00"
2010.07.05,"1,225.00"
2010.07.06,"1,218.50"
2010.07.07,"1,223.00"
2010.07.08,"1,208.00"
2010.07.09,"1,196.50"
2010.07.12,"1,203.50"
2010.07.13,"1,211.00"
2010.07.14,"1,199.00"
2010.07.15,"1,201.00"
2010.07.16,"1,202.00"
2010.07.19,"1,214.50"
2010.07.20,"1,208.00"
2010.07.21,"1,204.50"
2010.07.22,"1,203.00"
2010.07.23,"1,195.50"
2010.07.26,"1,189.00"
2010.07.27,"1,181.30"
2010.07.28,"1,186.00"
2010.07.29,"1,184.50"
2010.07.30,"1,184.50"
2010.08.02,"1,174.00"
2010.08.03,"1,168.50"
2010.08.04,"1,170.00"
2010.08.05,"1,165.00"
2010.08.06,"1,163.00"
2010.08.09,"1,161.00"
2010.08.10,"1,168.00"
2010.08.11,"1,182.00"
2010.08.12,"1,189.00"
2010.08.13,"1,187.00"
2010.08.16,"1,188.50"
2010.08.17,"1,175.60"
2010.08.18,"1,172.20"
2010.08.19,"1,173.50"
2010.08.20,"1,183.00"
2010.08.23,"1,182.00"
2010.08.24,"1,193.00"
2010.08.25,"1,193.00"
2010.08.26,"1,192.00"
2010.08.27,"1,196.50"
2010.08.30,"1,192.00"
2010.08.31,"1,198.10"
2010.09.01,"1,184.50"
2010.09.02,"1,180.00"
2010.09.03,"1,177.00"
2010.09.06,"1,171.20"
2010.09.07,"1,178.50"
2010.09.08,"1,172.00"
2010.09.09,"1,166.00"
2010.09.10,"1,165.00"
2010.09.13,"1,159.50"
2010.09.14,"1,160.50"
2010.09.15,"1,163.00"
2010.09.16,"1,163.00"
2010.09.17,"1,159.50"
2010.09.20,"1,161.00"
2010.09.24,"1,154.50"
2010.09.27,"1,148.00"
2010.09.28,"1,148.00"
2010.09.29,"1,142.00"
2010.09.30,"1,136.50"
2010.10.01,"1,126.00"
2010.10.04,"1,126.00"
2010.10.05,"1,128.00"
2010.10.06,"1,118.80"
2010.10.07,"1,117.50"
2010.10.08,"1,123.50"
2010.10.11,"1,119.50"
2010.10.12,"1,134.00"
2010.10.13,"1,121.00"
2010.10.14,"1,111.00"
2010.10.15,"1,112.50"
2010.10.18,"1,119.50"
2010.10.19,"1,127.00"
2010.10.20,"1,129.00"
2010.10.21,"1,127.50"
2010.10.22,"1,130.00"
2010.10.25,"1,116.00"
2010.10.26,"1,119.00"
2010.10.27,"1,131.00"
2010.10.28,"1,125.50"
2010.10.29,"1,125.00"
2010.11.01,"1,117.00"
2010.11.02,"1,112.50"
2010.11.03,"1,106.00"
2010.11.04,"1,105.00"
2010.11.05,"1,107.00"
2010.11.08,"1,114.00"
2010.11.09,"1,113.00"
2010.11.10,"1,110.00"
2010.11.11,"1,108.00"
2010.11.12,"1,128.00"
2010.11.15,"1,137.00"
2010.11.16,"1,127.50"
2010.11.17,"1,148.00"
2010.11.18,"1,133.00"
2010.11.19,"1,131.00"
2010.11.22,"1,127.00"
2010.11.23,"1,160.00"
2010.11.24,"1,148.50"
2010.11.25,"1,138.00"
2010.11.26,"1,152.00"
2010.11.29,"1,152.50"
2010.11.30,"1,159.50"
2010.12.01,"1,148.00"
2010.12.02,"1,152.00"
2010.12.03,"1,138.50"
2010.12.06,"1,135.00"
2010.12.07,"1,132.00"
2010.12.08,"1,144.00"
2010.12.09,"1,139.00"
2010.12.10,"1,140.00"
2010.12.13,"1,144.00"
2010.12.14,"1,141.00"
2010.12.15,"1,157.00"
2010.12.16,"1,152.00"
2010.12.17,"1,155.00"
2010.12.20,"1,155.00"
2010.12.21,"1,155.00"
2010.12.22,"1,151.00"
2010.12.23,"1,151.00"
2010.12.24,"1,150.00"
2010.12.27,"1,151.00"
2010.12.28,"1,148.50"
2010.12.29,"1,144.00"
2010.12.30,"1,134.00"
2010.12.31,"1,120.00"
2011.01.03,"1,125.00"
2011.01.04,"1,121.00"
2011.01.05,"1,127.00"
2011.01.06,"1,118.00"
2011.01.07,"1,125.50"
2011.01.10,"1,125.50"
2011.01.11,"1,124.00"
2011.01.12,"1,119.00"
2011.01.13,"1,113.00"
2011.01.14,"1,115.00"
2011.01.17,"1,117.00"
2011.01.18,"1,113.50"
2011.01.19,"1,112.00"
2011.01.20,"1,121.00"
2011.01.21,"1,122.00"
2011.01.24,"1,121.50"
2011.01.25,"1,118.50"
2011.01.26,"1,116.50"
2011.01.27,"1,115.00"
2011.01.28,"1,114.00"
2011.01.31,"1,121.50"
2011.02.01,"1,117.00"
2011.02.07,"1,106.00"
2011.02.08,"1,102.00"
2011.02.09,"1,109.00"
2011.02.10,"1,120.50"
2011.02.11,"1,127.00"
2011.02.14,"1,124.50"
2011.02.15,"1,121.00"
2011.02.16,"1,116.50"
2011.02.17,"1,117.00"
2011.02.18,"1,113.00"
2011.02.21,"1,117.50"
2011.02.22,"1,129.00"
2011.02.23,"1,123.50"
2011.02.24,"1,135.00"
2011.02.25,"1,128.00"
2011.02.28,"1,128.00"
2011.03.02,"1,127.00"
2011.03.03,"1,121.00"
2011.03.04,"1,116.00"
2011.03.07,"1,118.50"
2011.03.08,"1,118.00"
2011.03.09,"1,116.50"
2011.03.10,"1,123.00"
2011.03.11,"1,123.50"
2011.03.14,"1,127.00"
2011.03.15,"1,134.00"
2011.03.16,"1,131.00"
2011.03.17,"1,134.00"
2011.03.18,"1,129.00"
2011.03.21,"1,124.00"
2011.03.22,"1,120.00"
2011.03.23,"1,123.00"
2011.03.24,"1,119.50"
2011.03.25,"1,113.50"
2011.03.28,"1,114.00"
2011.03.29,"1,110.50"
2011.03.30,"1,101.00"
2011.03.31,"1,096.50"
2011.04.01,"1,091.00"
2011.04.04,"1,087.00"
2011.04.05,"1,090.00"
2011.04.06,"1,086.00"
2011.04.07,"1,088.50"
2011.04.08,"1,083.50"
2011.04.11,"1,086.00"
2011.04.12,"1,091.00"
2011.04.13,"1,087.00"
2011.04.14,"1,088.50"
2011.04.15,"1,090.00"
2011.04.18,"1,088.50"
2011.04.19,"1,090.00"
2011.04.20,"1,080.00"
2011.04.21,"1,080.00"
2011.04.22,"1,080.50"
2011.04.25,"1,081.50"
2011.04.26,"1,084.50"
2011.04.27,"1,079.50"
2011.04.28,"1,072.00"
2011.04.29,"1,069.00"
2011.05.02,"1,065.00"
2011.05.03,"1,070.00"
2011.05.04,"1,074.00"
2011.05.06,"1,086.00"
2011.05.09,"1,081.00"
2011.05.11,"1,075.00"
2011.05.12,"1,088.00"
2011.05.13,"1,085.00"
2011.05.16,"1,092.00"
2011.05.17,"1,090.00"
2011.05.18,"1,089.00"
2011.05.19,"1,087.00"
2011.05.20,"1,082.50"
2011.05.23,"1,098.00"
2011.05.24,"1,093.50"
2011.05.25,"1,099.50"
2011.05.26,"1,089.00"
2011.05.27,"1,083.00"
2011.05.30,"1,079.50"
2011.05.31,"1,078.50"
2011.06.01,"1,074.50"
2011.06.02,"1,079.50"
2011.06.03,"1,079.50"
2011.06.07,"1,080.00"
2011.06.08,"1,081.50"
2011.06.09,"1,083.00"
2011.06.10,"1,083.00"
2011.06.13,"1,085.00"
2011.06.14,"1,083.00"
2011.06.15,"1,083.50"
2011.06.16,"1,089.00"
2011.06.17,"1,086.50"
2011.06.20,"1,086.50"
2011.06.21,"1,078.00"
2011.06.22,"1,074.00"
2011.06.23,"1,077.50"
2011.06.24,"1,081.00"
2011.06.27,"1,086.00"
2011.06.28,"1,082.50"
2011.06.29,"1,076.00"
2011.06.30,"1,067.50"
2011.07.01,"1,067.00"
2011.07.04,"1,064.00"
2011.07.05,"1,065.00"
2011.07.06,"1,065.00"
2011.07.07,"1,064.50"
2011.07.08,"1,057.00"
2011.07.11,"1,060.00"
2011.07.12,"1,069.00"
2011.07.13,"1,060.00"
2011.07.14,"1,057.00"
2011.07.15,"1,059.50"
2011.07.18,"1,061.50"
2011.07.19,"1,056.50"
2011.07.20,"1,056.00"
2011.07.21,"1,055.50"
2011.07.22,"1,052.00"
2011.07.25,"1,055.00"
2011.07.26,"1,051.00"
2011.07.27,"1,050.50"
2011.07.28,"1,051.00"
2011.07.29,"1,054.00"
2011.08.01,"1,049.00"
2011.08.02,"1,053.00"
2011.08.03,"1,058.00"
2011.08.04,"1,062.00"
2011.08.05,"1,069.00"
2011.08.08,"1,080.00"
2011.08.09,"1,084.50"
2011.08.10,"1,082.00"
2011.08.11,"1,081.00"
2011.08.12,"1,081.00"
2011.08.16,"1,072.00"
2011.08.17,"1,072.00"
2011.08.18,"1,074.50"
2011.08.19,"1,084.50"
2011.08.22,"1,082.50"
2011.08.23,"1,077.00"
2011.08.24,"1,082.00"
2011.08.25,"1,085.00"
2011.08.26,"1,082.00"
2011.08.29,"1,074.00"
2011.08.30,"1,074.00"
2011.08.31,"1,066.00"
2011.09.01,"1,062.00"
2011.09.02,"1,062.00"
2011.09.05,"1,068.80"
2011.09.06,"1,072.50"
2011.09.07,"1,071.00"
2011.09.08,"1,073.50"
2011.09.09,"1,078.50"
2011.09.14,"1,109.00"
2011.09.15,"1,112.00"
2011.09.16,"1,108.50"
2011.09.19,"1,136.00"
2011.09.20,"1,145.00"
2011.09.21,"1,155.00"
2011.09.22,"1,193.00"
2011.09.23,"1,172.00"
2011.09.26,"1,193.00"
2011.09.27,"1,174.50"
2011.09.28,"1,169.00"
2011.09.29,"1,172.00"
2011.09.30,"1,179.00"
2011.10.04,"1,193.00"
2011.10.05,"1,193.00"
2011.10.06,"1,185.00"
2011.10.07,"1,180.00"
2011.10.10,"1,167.00"
2011.10.11,"1,170.00"
2011.10.12,"1,162.00"
2011.10.13,"1,158.00"
2011.10.14,"1,156.00"
2011.10.17,"1,139.00"
2011.10.18,"1,150.00"
2011.10.19,"1,134.00"
2011.10.20,"1,142.00"
2011.10.21,"1,150.00"
2011.10.24,"1,136.50"
2011.10.25,"1,127.00"
2011.10.26,"1,132.00"
2011.10.27,"1,112.00"
2011.10.28,"1,104.00"
2011.10.31,"1,108.50"
2011.11.01,"1,120.50"
2011.11.02,"1,118.00"
2011.11.03,"1,130.50"
2011.11.04,"1,114.00"
2011.11.07,"1,122.00"
2011.11.08,"1,119.00"
2011.11.09,"1,116.50"
2011.11.10,"1,133.00"
2011.11.11,"1,126.00"
2011.11.14,"1,124.00"
2011.11.15,"1,127.00"
2011.11.16,"1,131.00"
2011.11.17,"1,133.00"
2011.11.18,"1,139.00"
2011.11.21,"1,142.00"
2011.11.22,"1,143.00"
2011.11.23,"1,151.00"
2011.11.24,"1,154.00"
2011.11.25,"1,165.00"
2011.11.28,"1,153.50"
2011.11.29,"1,146.00"
2011.11.30,"1,145.50"
2011.12.01,"1,128.00"
2011.12.02,"1,128.00"
2011.12.05,"1,127.00"
2011.12.06,"1,130.00"
2011.12.07,"1,126.00"
2011.12.08,"1,131.00"
2011.12.09,"1,146.50"
2011.12.12,"1,147.00"
2011.12.13,"1,152.50"
2011.12.14,"1,157.00"
2011.12.15,"1,159.00"
2011.12.16,"1,157.50"
2011.12.19,"1,168.00"
2011.12.20,"1,161.00"
2011.12.21,"1,147.00"
2011.12.22,"1,151.00"
2011.12.23,"1,150.00"
2011.12.26,"1,154.50"
2011.12.27,"1,156.00"
2011.12.28,"1,156.00"
2011.12.29,"1,153.30"
2011.12.30,"1,159.00"
2012.01.02,"1,155.00"
2012.01.03,"1,151.00"
2012.01.04,"1,147.50"
2012.01.05,"1,154.00"
2012.01.06,"1,161.00"
2012.01.09,"1,160.00"
2012.01.10,"1,158.00"
2012.01.11,"1,157.00"
2012.01.12,"1,158.00"
2012.01.13,"1,148.50"
2012.01.16,"1,153.00"
2012.01.17,"1,143.00"
2012.01.18,"1,143.00"
2012.01.19,"1,137.00"
2012.01.20,"1,136.00"
2012.01.25,"1,126.50"
2012.01.26,"1,123.00"
2012.01.27,"1,124.00"
2012.01.30,"1,128.00"
2012.01.31,"1,122.00"
2012.02.01,"1,125.50"
2012.02.02,"1,118.00"
2012.02.03,"1,118.00"
2012.02.06,"1,122.00"
2012.02.07,"1,118.00"
2012.02.08,"1,116.00"
2012.02.09,"1,116.00"
2012.02.10,"1,124.50"
2012.02.13,"1,119.00"
2012.02.14,"1,124.00"
2012.02.15,"1,122.00"
2012.02.16,"1,133.00"
2012.02.17,"1,126.50"
2012.02.20,"1,124.00"
2012.02.21,"1,123.00"
2012.02.22,"1,126.00"
2012.02.23,"1,127.00"
2012.02.24,"1,127.50"
2012.02.27,"1,129.50"
2012.02.28,"1,125.00"
2012.02.29,"1,116.00"
2012.03.02,"1,116.50"
2012.03.05,"1,119.00"
2012.03.06,"1,123.00"
2012.03.07,"1,124.50"
2012.03.08,"1,118.00"
2012.03.09,"1,119.00"
2012.03.12,"1,124.00"
2012.03.13,"1,123.00"
2012.03.14,"1,127.50"
2012.03.15,"1,127.00"
2012.03.16,"1,127.00"
2012.03.19,"1,123.00"
2012.03.20,"1,127.00"
2012.03.21,"1,127.00"
2012.03.22,"1,131.00"
2012.03.23,"1,134.00"
2012.03.26,"1,141.00"
2012.03.27,"1,133.00"
2012.03.28,"1,135.00"
2012.03.29,"1,136.50"
2012.03.30,"1,132.00"
2012.04.02,"1,126.00"
2012.04.03,"1,122.50"
2012.04.04,"1,129.50"
2012.04.05,"1,129.50"
2012.04.06,"1,131.50"
2012.04.09,"1,138.50"
2012.04.10,"1,140.50"
2012.04.12,"1,140.00"
2012.04.13,"1,134.50"
2012.04.16,"1,138.00"
2012.04.17,"1,137.50"
2012.04.18,"1,137.50"
2012.04.19,"1,137.50"
2012.04.20,"1,140.00"
2012.04.23,"1,140.50"
2012.04.24,"1,140.00"
2012.04.25,"1,139.50"
2012.04.26,"1,135.00"
2012.04.27,"1,134.00"
2012.04.30,"1,128.50"
2012.05.02,"1,128.00"
2012.05.03,"1,129.00"
2012.05.04,"1,132.00"
2012.05.07,"1,137.50"
2012.05.08,"1,136.00"
2012.05.09,"1,140.00"
2012.05.10,"1,141.50"
2012.05.11,"1,147.00"
2012.05.14,"1,152.50"
2012.05.15,"1,153.00"
2012.05.16,"1,167.50"
2012.05.17,"1,164.00"
2012.05.18,"1,170.00"
2012.05.21,"1,167.50"
2012.05.22,"1,163.50"
2012.05.23,"1,173.50"
2012.05.24,"1,184.00"
2012.05.25,"1,180.00"
2012.05.29,"1,174.50"
2012.05.30,"1,178.00"
2012.05.31,"1,177.50"
2012.06.01,"1,179.00"
2012.06.04,"1,182.00"
2012.06.05,"1,180.50"
2012.06.07,"1,170.00"
2012.06.08,"1,174.00"
2012.06.11,"1,166.00"
2012.06.12,"1,169.00"
2012.06.13,"1,166.00"
2012.06.14,"1,166.00"
2012.06.15,"1,163.00"
2012.06.18,"1,159.50"
2012.06.19,"1,155.00"
2012.06.20,"1,151.00"
2012.06.21,"1,152.00"
2012.06.22,"1,159.00"
2012.06.25,"1,161.00"
2012.06.26,"1,158.50"
2012.06.27,"1,157.00"
2012.06.28,"1,155.50"
2012.06.29,"1,146.50"
2012.07.02,"1,143.00"
2012.07.03,"1,136.00"
2012.07.04,"1,136.50"
2012.07.05,"1,135.00"
2012.07.06,"1,138.50"
2012.07.09,"1,143.00"
2012.07.10,"1,142.00"
2012.07.11,"1,141.00"
2012.07.12,"1,151.50"
2012.07.13,"1,150.50"
2012.07.16,"1,147.00"
2012.07.17,"1,142.00"
2012.07.18,"1,142.00"
2012.07.19,"1,139.50"
2012.07.20,"1,140.50"
2012.07.23,"1,147.50"
2012.07.24,"1,147.00"
2012.07.25,"1,148.70"
2012.07.26,"1,147.00"
2012.07.27,"1,140.00"
2012.07.30,"1,137.50"
2012.07.31,"1,128.50"
2012.08.01,"1,127.00"
2012.08.02,"1,131.00"
2012.08.03,"1,133.50"
2012.08.06,"1,129.00"
2012.08.07,"1,127.00"
2012.08.08,"1,128.00"
2012.08.09,"1,127.00"
2012.08.10,"1,130.00"
2012.08.13,"1,130.00"
2012.08.14,"1,129.00"
2012.08.16,"1,133.00"
2012.08.17,"1,135.00"
2012.08.20,"1,134.50"
2012.08.21,"1,129.50"
2012.08.22,"1,134.50"
2012.08.23,"1,130.50"
2012.08.24,"1,135.00"
2012.08.27,"1,135.00"
2012.08.28,"1,135.50"
2012.08.29,"1,133.50"
2012.08.30,"1,133.50"
2012.08.31,"1,134.00"
2012.09.03,"1,132.00"
2012.09.04,"1,133.00"
2012.09.05,"1,137.50"
2012.09.06,"1,133.00"
2012.09.07,"1,129.50"
2012.09.10,"1,129.50"
2012.09.11,"1,125.50"
2012.09.12,"1,126.00"
2012.09.13,"1,128.50"
2012.09.14,"1,117.50"
2012.09.17,"1,117.50"
2012.09.18,"1,118.50"
2012.09.19,"1,115.50"
2012.09.20,"1,122.00"
2012.09.21,"1,117.00"
2012.09.24,"1,120.50"
2012.09.25,"1,119.00"
2012.09.26,"1,120.00"
2012.09.27,"1,116.50"
2012.09.28,"1,112.00"
2012.10.02,"1,113.50"
2012.10.04,"1,113.50"
2012.10.05,"1,110.50"
2012.10.08,"1,112.00"
2012.10.09,"1,111.50"
2012.10.10,"1,114.00"
2012.10.11,"1,112.50"
2012.10.12,"1,110.50"
2012.10.15,"1,110.00"
2012.10.16,"1,106.00"
2012.10.17,"1,104.00"
2012.10.18,"1,103.00"
2012.10.19,"1,103.00"
2012.10.22,"1,104.00"
2012.10.23,"1,103.00"
2012.10.24,"1,103.50"
2012.10.25,"1,095.00"
2012.10.26,"1,098.00"
2012.10.29,"1,095.50"
2012.10.30,"1,090.00"
2012.10.31,"1,090.00"
2012.11.01,"1,092.00"
2012.11.02,"1,091.50"
2012.11.05,"1,092.50"
2012.11.06,"1,091.00"
2012.11.07,"1,084.50"
2012.11.08,"1,089.50"
2012.11.09,"1,087.50"
2012.11.12,"1,089.50"
2012.11.13,"1,090.50"
2012.11.14,"1,085.00"
2012.11.15,"1,087.00"
2012.11.16,"1,091.00"
2012.11.19,"1,087.00"
2012.11.20,"1,083.00"
2012.11.21,"1,082.00"
2012.11.22,"1,085.00"
2012.11.23,"1,085.50"
2012.11.26,"1,085.00"
2012.11.27,"1,084.00"
2012.11.28,"1,086.50"
2012.11.29,"1,083.00"
2012.11.30,"1,082.50"
2012.12.03,"1,083.00"
2012.12.04,"1,083.50"
2012.12.05,"1,080.50"
2012.12.06,"1,083.50"
2012.12.07,"1,082.00"
2012.12.10,"1,078.00"
2012.12.11,"1,076.00"
2012.12.12,"1,074.00"
2012.12.13,"1,073.00"
2012.12.14,"1,074.00"
2012.12.17,"1,072.00"
2012.12.18,"1,073.50"
2012.12.20,"1,073.00"
2012.12.21,"1,074.50"
2012.12.24,"1,073.50"
2012.12.26,"1,073.00"
2012.12.27,"1,071.00"
2012.12.28,"1,066.50"
2012.12.31,"1,063.00"
2013.01.02,"1,061.50"
2013.01.03,"1,061.00"
2013.01.04,"1,064.00"
2013.01.07,"1,063.50"
2013.01.08,"1,063.00"
2013.01.09,"1,061.00"
2013.01.10,"1,059.00"
2013.01.11,"1,056.00"
2013.01.14,"1,056.10"
2013.01.15,"1,056.50"
2013.01.16,"1,059.50"
2013.01.17,"1,057.00"
2013.01.18,"1,057.00"
2013.01.21,"1,063.00"
2013.01.22,"1,061.50"
2013.01.23,"1,066.00"
2013.01.24,"1,067.50"
2013.01.25,"1,074.50"
2013.01.28,"1,091.00"
2013.01.29,"1,085.00"
2013.01.30,"1,084.00"
2013.01.31,"1,087.00"
2013.02.01,"1,095.00"
2013.02.04,"1,086.50"
2013.02.05,"1,085.50"
2013.02.06,"1,088.00"
2013.02.07,"1,090.50"
2013.02.08,"1,093.50"
2013.02.12,"1,092.00"
2013.02.13,"1,086.50"
2013.02.14,"1,081.50"
2013.02.15,"1,079.00"
2013.02.18,"1,083.50"
2013.02.19,"1,080.50"
2013.02.20,"1,079.00"
2013.02.21,"1,085.50"
2013.02.22,"1,084.00"
2013.02.25,"1,085.50"
2013.02.26,"1,089.50"
2013.02.27,"1,086.50"
2013.02.28,"1,083.00"
2013.03.04,"1,091.00"
2013.03.05,"1,086.00"
2013.03.06,"1,083.00"
2013.03.07,"1,085.50"
2013.03.08,"1,089.50"
2013.03.11,"1,096.00"
2013.03.12,"1,096.00"
2013.03.13,"1,099.50"
2013.03.14,"1,107.00"
2013.03.15,"1,112.00"
2013.03.18,"1,112.50"
2013.03.19,"1,111.50"
2013.03.20,"1,115.00"
2013.03.21,"1,116.50"
2013.03.22,"1,118.00"
2013.03.25,"1,110.00"
2013.03.26,"1,108.00"
2013.03.27,"1,111.50"
2013.03.28,"1,112.00"
2013.03.29,"1,111.00"
2013.04.01,"1,113.50"
2013.04.02,"1,119.00"
2013.04.03,"1,117.00"
2013.04.04,"1,128.00"
2013.04.05,"1,131.50"
2013.04.08,"1,146.00"
2013.04.09,"1,140.00"
2013.04.10,"1,128.50"
2013.04.11,"1,127.50"
2013.04.12,"1,130.00"
2013.04.15,"1,118.50"
2013.04.16,"1,116.50"
2013.04.17,"1,117.50"
2013.04.18,"1,122.00"
2013.04.19,"1,118.50"
2013.04.22,"1,121.50"
2013.04.23,"1,121.50"
2013.04.24,"1,117.00"
2013.04.25,"1,110.50"
2013.04.26,"1,110.50"
2013.04.29,"1,107.00"
2013.04.30,"1,104.50"
2013.05.02,"1,101.50"
2013.05.03,"1,095.50"
2013.05.06,"1,096.50"
2013.05.07,"1,089.50"
2013.05.08,"1,084.00"
2013.05.09,"1,090.00"
2013.05.10,"1,108.00"
2013.05.13,"1,112.50"
2013.05.14,"1,108.00"
2013.05.15,"1,116.00"
2013.05.16,"1,117.50"
2013.05.20,"1,115.00"
2013.05.21,"1,113.50"
2013.05.22,"1,114.50"
2013.05.23,"1,127.00"
2013.05.24,"1,124.50"
2013.05.27,"1,121.00"
2013.05.28,"1,127.00"
2013.05.29,"1,133.00"
2013.05.30,"1,128.00"
2013.05.31,"1,131.00"
2013.06.03,"1,129.50"
2013.06.04,"1,123.00"
2013.06.05,"1,117.00"
2013.06.07,"1,119.00"
2013.06.10,"1,130.00"
2013.06.11,"1,133.50"
2013.06.12,"1,130.00"
2013.06.13,"1,132.50"
2013.06.14,"1,127.00"
2013.06.17,"1,125.50"
2013.06.18,"1,130.50"
2013.06.19,"1,130.00"
2013.06.20,"1,154.50"
2013.06.21,"1,154.00"
2013.06.24,"1,163.50"
2013.06.25,"1,151.50"
2013.06.26,"1,153.50"
2013.06.27,"1,146.50"
2013.06.28,"1,139.50"
2013.07.01,"1,135.50"
2013.07.02,"1,134.50"
2013.07.03,"1,142.50"
2013.07.04,"1,140.00"
2013.07.05,"1,142.00"
2013.07.08,"1,151.00"
2013.07.09,"1,139.50"
2013.07.10,"1,135.50"
2013.07.11,"1,125.50"
2013.07.12,"1,126.00"
2013.07.15,"1,123.50"
2013.07.16,"1,119.00"
2013.07.17,"1,120.50"
2013.07.18,"1,124.50"
2013.07.19,"1,121.00"
2013.07.22,"1,118.50"
2013.07.23,"1,117.50"
2013.07.24,"1,113.50"
2013.07.25,"1,116.00"
2013.07.26,"1,111.50"
2013.07.29,"1,111.50"
2013.07.30,"1,113.50"
2013.07.31,"1,121.50"
2013.08.01,"1,123.00"
2013.08.02,"1,123.00"
2013.08.05,"1,114.50"
2013.08.06,"1,115.50"
2013.08.07,"1,117.50"
2013.08.08,"1,112.50"
2013.08.09,"1,111.50"
2013.08.12,"1,114.50"
2013.08.13,"1,116.00"
2013.08.14,"1,118.50"
2013.08.16,"1,112.50"
2013.08.19,"1,115.50"
2013.08.20,"1,118.50"
2013.08.21,"1,118.50"
2013.08.22,"1,120.00"
2013.08.23,"1,113.50"
2013.08.26,"1,112.50"
2013.08.27,"1,116.50"
2013.08.28,"1,116.00"
2013.08.29,"1,111.50"
2013.08.30,"1,109.00"
2013.09.02,"1,098.50"
2013.09.03,"1,098.50"
2013.09.04,"1,094.50"
2013.09.05,"1,098.50"
2013.09.06,"1,092.50"
2013.09.09,"1,084.50"
2013.09.10,"1,084.50"
2013.09.11,"1,085.50"
2013.09.12,"1,084.50"
2013.09.13,"1,086.50"
2013.09.16,"1,081.00"
2013.09.17,"1,083.50"
2013.09.23,"1,075.00"
2013.09.24,"1,074.00"
2013.09.25,"1,076.00"
2013.09.26,"1,076.50"
2013.09.27,"1,075.00"
2013.09.30,"1,073.00"
2013.10.01,"1,073.50"
2013.10.02,"1,074.50"
2013.10.04,"1,071.00"
2013.10.07,"1,072.50"
2013.10.08,"1,074.00"
2013.10.10,"1,071.50"
2013.10.11,"1,072.00"
2013.10.14,"1,072.00"
2013.10.15,"1,064.50"
2013.10.16,"1,067.00"
2013.10.17,"1,063.00"
2013.10.18,"1,062.00"
2013.10.21,"1,062.00"
2013.10.22,"1,060.50"
2013.10.23,"1,058.00"
2013.10.24,"1,062.00"
2013.10.25,"1,062.00"
2013.10.28,"1,060.50"
2013.10.29,"1,060.50"
2013.10.30,"1,060.00"
2013.10.31,"1,059.50"
2013.11.01,"1,061.00"
2013.11.04,"1,063.00"
2013.11.05,"1,061.00"
2013.11.06,"1,061.00"
2013.11.07,"1,061.00"
2013.11.08,"1,064.50"
2013.11.11,"1,072.00"
2013.11.12,"1,072.50"
2013.11.13,"1,072.50"
2013.11.14,"1,067.50"
2013.11.15,"1,063.50"
2013.11.18,"1,057.00"
2013.11.19,"1,054.50"
2013.11.20,"1,057.50"
2013.11.21,"1,061.50"
2013.11.22,"1,061.00"
2013.11.25,"1,061.50"
2013.11.26,"1,060.00"
2013.11.27,"1,062.50"
2013.11.28,"1,060.00"
2013.11.29,"1,058.50"
2013.12.02,"1,057.00"
2013.12.03,"1,061.00"
2013.12.04,"1,061.00"
2013.12.05,"1,059.50"
2013.12.06,"1,058.00"
2013.12.09,"1,051.00"
2013.12.10,"1,050.50"
2013.12.11,"1,051.00"
2013.12.12,"1,050.50"
2013.12.13,"1,053.00"
2013.12.16,"1,052.50"
2013.12.17,"1,052.00"
2013.12.18,"1,052.50"
2013.12.19,"1,058.50"
2013.12.20,"1,061.00"
2013.12.23,"1,061.00"
2013.12.24,"1,058.50"
2013.12.26,"1,059.00"
2013.12.27,"1,054.50"
2013.12.30,"1,053.50"
2013.12.31,"1,045.00"
2014.01.02,"1,050.50"
2014.01.03,"1,055.00"
2014.01.06,"1,066.00"
2014.01.07,"1,068.50"
2014.01.08,"1,066.00"
2014.01.09,"1,063.00"
2014.01.10,"1,061.00"
2014.01.13,"1,056.00"
2014.01.14,"1,059.00"
2014.01.15,"1,062.50"
2014.01.16,"1,063.50"
2014.01.17,"1,061.50"
2014.01.20,"1,064.00"
2014.01.21,"1,067.00"
2014.01.22,"1,067.00"
2014.01.23,"1,075.00"
2014.01.24,"1,079.50"
2014.01.27,"1,082.50"
2014.01.28,"1,078.00"
2014.01.29,"1,072.00"
2014.02.03,"1,086.00"
2014.02.04,"1,081.50"
2014.02.05,"1,078.00"
2014.02.06,"1,078.50"
2014.02.07,"1,075.50"
2014.02.10,"1,072.50"
2014.02.11,"1,066.50"
2014.02.12,"1,061.20"
2014.02.13,"1,063.80"
2014.02.14,"1,060.00"
2014.02.17,"1,060.50"
2014.02.18,"1,065.60"
2014.02.19,"1,065.00"
2014.02.20,"1,074.80"
2014.02.21,"1,071.50"
2014.02.24,"1,073.00"
2014.02.25,"1,073.00"
2014.02.26,"1,066.50"
2014.02.27,"1,067.50"
2014.02.28,"1,067.50"
2014.03.03,"1,070.70"
2014.03.04,"1,071.00"
2014.03.05,"1,070.50"
2014.03.06,"1,065.00"
2014.03.07,"1,061.20"
2014.03.10,"1,066.20"
2014.03.11,"1,065.00"
2014.03.12,"1,071.70"
2014.03.13,"1,068.00"
2014.03.14,"1,070.50"
2014.03.17,"1,067.30"
2014.03.18,"1,070.70"
2014.03.19,"1,069.00"
2014.03.20,"1,075.20"
2014.03.21,"1,080.00"
2014.03.24,"1,076.70"
2014.03.25,"1,077.90"
2014.03.26,"1,075.30"
2014.03.27,"1,072.80"
2014.03.28,"1,069.00"
2014.03.31,"1,062.50"
2014.04.01,"1,058.00"
2014.04.02,"1,057.80"
2014.04.03,"1,057.30"
2014.04.04,"1,054.80"
2014.04.07,"1,054.90"
2014.04.08,"1,048.30"
2014.04.09,"1,039.30"
2014.04.10,"1,037.50"
2014.04.11,"1,036.00"
2014.04.14,"1,040.50"
2014.04.15,"1,041.50"
2014.04.16,"1,038.80"
2014.04.17,"1,039.00"
2014.04.18,"1,038.30"
2014.04.21,"1,038.80"
2014.04.22,"1,038.30"
2014.04.23,"1,039.50"
2014.04.24,"1,039.50"
2014.04.25,"1,040.50"
2014.04.28,"1,034.50"
2014.04.29,"1,030.30"
2014.04.30,"1,032.00"
2014.05.02,"1,029.50"
2014.05.07,"1,023.00"
2014.05.08,"1,021.50"
2014.05.09,"1,026.00"
2014.05.12,"1,024.40"
2014.05.13,"1,022.00"
2014.05.14,"1,025.50"
2014.05.15,"1,026.00"
2014.05.16,"1,025.00"
2014.05.19,"1,021.80"
2014.05.20,"1,025.00"
2014.05.21,"1,025.50"
2014.05.22,"1,024.00"
2014.05.23,"1,025.50"
2014.05.26,"1,023.50"
2014.05.27,"1,023.20"
2014.05.28,"1,021.00"
2014.05.29,"1,017.50"
2014.05.30,"1,020.30"
2014.06.02,"1,024.00"
2014.06.03,"1,024.00"
2014.06.05,"1,022.00"
2014.06.09,"1,015.20"
2014.06.10,"1,017.00"
2014.06.11,"1,016.50"
2014.06.12,"1,017.20"
2014.06.13,"1,019.00"
2014.06.16,"1,021.50"
2014.06.17,"1,021.50"
2014.06.18,"1,023.00"
2014.06.19,"1,018.00"
2014.06.20,"1,021.50"
2014.06.23,"1,019.50"
2014.06.24,"1,017.50"
2014.06.25,"1,020.00"
2014.06.26,"1,015.70"
2014.06.27,"1,014.50"
2014.06.30,"1,011.50"
2014.07.01,"1,011.00"
2014.07.02,"1,007.50"
2014.07.03,"1,008.50"
2014.07.04,"1,009.70"
2014.07.07,"1,012.20"
2014.07.08,"1,011.50"
2014.07.09,"1,012.00"
2014.07.10,"1,013.80"
2014.07.11,"1,019.00"
2014.07.14,"1,018.00"
2014.07.15,"1,027.00"
2014.07.16,"1,029.50"
2014.07.17,"1,026.80"
2014.07.18,"1,030.00"
2014.07.21,"1,027.50"
2014.07.22,"1,025.00"
2014.07.23,"1,024.00"
2014.07.24,"1,028.50"
2014.07.25,"1,027.00"
2014.07.28,"1,026.00"
2014.07.29,"1,024.20"
2014.07.30,"1,024.20"
2014.07.31,"1,030.70"
2014.08.01,"1,038.00"
2014.08.04,"1,033.00"
2014.08.05,"1,029.20"
2014.08.06,"1,032.70"
2014.08.07,"1,036.80"
2014.08.08,"1,036.00"
2014.08.11,"1,030.50"
2014.08.12,"1,027.50"
2014.08.13,"1,029.30"
2014.08.14,"1,021.70"
2014.08.18,"1,017.50"
2014.08.19,"1,017.50"
2014.08.20,"1,021.50"
2014.08.21,"1,022.50"
2014.08.22,"1,018.00"
2014.08.25,"1,020.00"
2014.08.26,"1,016.80"
2014.08.27,"1,014.00"
2014.08.28,"1,014.30"
2014.08.29,"1,014.00"
2014.09.01,"1,012.00"
2014.09.02,"1,018.50"
2014.09.03,"1,018.60"
2014.09.04,"1,018.00"
2014.09.05,"1,025.00"
2014.09.11,"1,036.00"
2014.09.12,"1,034.20"
2014.09.15,"1,038.80"
2014.09.16,"1,036.20"
2014.09.17,"1,035.00"
2014.09.18,"1,039.50"
2014.09.19,"1,044.50"
2014.09.22,"1,043.00"
2014.09.23,"1,039.50"
2014.09.24,"1,038.00"
2014.09.25,"1,043.50"
2014.09.26,"1,044.50"
2014.09.29,"1,056.00"
2014.09.30,"1,055.00"
2014.10.01,"1,063.50"
2014.10.02,"1,060.90"
2014.10.06,"1,068.50"
2014.10.07,"1,067.60"
2014.10.08,"1,074.00"
2014.10.10,"1,073.00"
2014.10.13,"1,068.00"
2014.10.14,"1,064.50"
2014.10.15,"1,064.70"
2014.10.16,"1,062.00"
2014.10.17,"1,065.50"
2014.10.20,"1,060.00"
2014.10.21,"1,054.50"
2014.10.22,"1,051.40"
2014.10.23,"1,056.10"
2014.10.24,"1,058.00"
2014.10.27,"1,052.50"
2014.10.28,"1,049.30"
2014.10.29,"1,047.70"
2014.10.30,"1,057.30"
2014.10.31,"1,067.50"
2014.11.03,"1,073.60"
2014.11.04,"1,078.10"
2014.11.05,"1,087.00"
2014.11.06,"1,086.00"
2014.11.07,"1,093.50"
2014.11.10,"1,085.10"
2014.11.11,"1,095.60"
2014.11.12,"1,095.50"
2014.11.13,"1,096.30"
2014.11.14,"1,100.30"
2014.11.17,"1,095.40"
2014.11.18,"1,099.30"
2014.11.19,"1,106.60"
2014.11.20,"1,115.00"
2014.11.21,"1,113.00"
2014.11.24,"1,113.50"
2014.11.25,"1,110.90"
2014.11.26,"1,108.00"
2014.11.27,"1,097.50"
2014.11.28,"1,108.50"
2014.12.01,"1,110.70"
2014.12.02,"1,110.70"
2014.12.03,"1,112.40"
2014.12.04,"1,115.00"
2014.12.05,"1,115.00"
2014.12.08,"1,120.00"
2014.12.09,"1,109.00"
2014.12.10,"1,103.90"
2014.12.11,"1,100.70"
2014.12.12,"1,102.00"
2014.12.15,"1,099.10"
2014.12.16,"1,084.70"
2014.12.17,"1,095.00"
2014.12.18,"1,098.90"
2014.12.19,"1,099.50"
2014.12.22,"1,096.30"
2014.12.23,"1,101.30"
2014.12.24,"1,102.30"
2014.12.26,"1,099.20"
2014.12.29,"1,097.80"
2014.12.30,"1,095.00"
2014.12.31,"1,088.50"
2015.01.02,"1,104.50"
2015.01.05,"1,110.70"
2015.01.06,"1,099.00"
2015.01.07,"1,099.50"
2015.01.08,"1,096.00"
2015.01.09,"1,091.10"
2015.01.12,"1,084.50"
2015.01.13,"1,083.20"
2015.01.14,"1,081.50"
2015.01.15,"1,078.90"
2015.01.16,"1,077.50"
2015.01.19,"1,078.60"
2015.01.20,"1,087.00"
2015.01.21,"1,084.00"
2015.01.22,"1,084.70"
2015.01.23,"1,082.30"
2015.01.26,"1,082.20"
2015.01.27,"1,078.00"
2015.01.28,"1,082.90"
2015.01.29,"1,093.50"
2015.01.30,"1,095.80"
2015.02.02,"1,102.00"
2015.02.03,"1,099.20"
2015.02.04,"1,085.70"
2015.02.05,"1,090.70"
2015.02.06,"1,090.20"
2015.02.09,"1,095.50"
2015.02.10,"1,092.00"
2015.02.11,"1,100.50"
2015.02.12,"1,107.50"
2015.02.13,"1,100.30"
2015.02.16,"1,101.50"
2015.02.17,"1,105.20"
2015.02.23,"1,109.70"
2015.02.24,"1,111.80"
2015.02.25,"1,098.50"
2015.02.26,"1,095.00"
2015.02.27,"1,099.70"
2015.03.02,"1,101.30"
2015.03.03,"1,097.80"
2015.03.04,"1,100.80"
2015.03.05,"1,100.20"
2015.03.06,"1,098.60"
2015.03.09,"1,109.20"
2015.03.10,"1,124.00"
2015.03.11,"1,126.20"
2015.03.12,"1,122.50"
2015.03.13,"1,128.80"
2015.03.16,"1,131.00"
2015.03.17,"1,126.70"
2015.03.18,"1,129.20"
2015.03.19,"1,120.00"
2015.03.20,"1,126.30"
2015.03.23,"1,115.80"
2015.03.24,"1,101.00"
2015.03.25,"1,102.00"
2015.03.26,"1,105.00"
2015.03.27,"1,106.80"
2015.03.30,"1,105.90"
2015.03.31,"1,110.00"
2015.04.01,"1,105.00"
2015.04.02,"1,093.80"
2015.04.03,"1,092.80"
2015.04.06,"1,084.90"
2015.04.07,"1,091.50"
2015.04.08,"1,091.50"
2015.04.09,"1,091.00"
2015.04.10,"1,093.80"
2015.04.13,"1,102.50"
2015.04.14,"1,095.50"
2015.04.15,"1,096.60"
2015.04.16,"1,088.70"
2015.04.17,"1,080.90"
2015.04.20,"1,079.70"
2015.04.21,"1,082.50"
2015.04.22,"1,078.70"
2015.04.23,"1,083.10"
2015.04.24,"1,079.20"
2015.04.27,"1,073.70"
2015.04.28,"1,071.60"
2015.04.29,"1,068.10"
2015.04.30,"1,074.30"
2015.05.04,"1,080.90"
2015.05.06,"1,081.20"
2015.05.07,"1,092.70"
2015.05.08,"1,089.70"
2015.05.11,"1,092.00"
2015.05.12,"1,096.60"
2015.05.13,"1,097.80"
2015.05.14,"1,091.30"
2015.05.15,"1,086.60"
2015.05.18,"1,086.50"
2015.05.19,"1,089.50"
2015.05.20,"1,096.50"
2015.05.21,"1,092.10"
2015.05.22,"1,090.60"
2015.05.26,"1,106.30"
2015.05.27,"1,104.80"
2015.05.28,"1,105.50"
2015.05.29,"1,109.20"
2015.06.01,"1,112.50"
2015.06.02,"1,113.40"
2015.06.03,"1,107.20"
2015.06.04,"1,110.30"
2015.06.05,"1,112.80"
2015.06.08,"1,122.60"
2015.06.09,"1,119.90"
2015.06.10,"1,110.00"
2015.06.11,"1,111.60"
2015.06.12,"1,117.30"
2015.06.15,"1,117.30"
2015.06.16,"1,118.90"
2015.06.17,"1,118.30"
2015.06.18,"1,103.30"
2015.06.19,"1,108.00"
2015.06.22,"1,100.30"
2015.06.23,"1,105.00"
2015.06.24,"1,108.30"
2015.06.25,"1,111.30"
2015.06.26,"1,119.50"
2015.06.29,"1,122.90"
2015.06.30,"1,116.30"
2015.07.01,"1,120.50"
2015.07.02,"1,126.50"
2015.07.03,"1,123.50"
2015.07.06,"1,126.00"
2015.07.07,"1,133.50"
2015.07.08,"1,136.70"
2015.07.09,"1,133.20"
2015.07.10,"1,130.10"
2015.07.13,"1,131.80"
2015.07.14,"1,142.10"
2015.07.15,"1,144.50"
2015.07.16,"1,147.70"
2015.07.17,"1,146.20"
2015.07.20,"1,155.00"
2015.07.21,"1,154.40"
2015.07.22,"1,152.80"
2015.07.23,"1,161.00"
2015.07.24,"1,170.40"
2015.07.27,"1,167.80"
2015.07.28,"1,166.50"
2015.07.29,"1,160.50"
2015.07.30,"1,170.40"
2015.07.31,"1,172.20"
2015.08.03,"1,167.50"
2015.08.04,"1,164.00"
2015.08.05,"1,171.00"
2015.08.06,"1,168.10"
2015.08.07,"1,166.70"
2015.08.10,"1,163.70"
2015.08.11,"1,176.50"
2015.08.12,"1,182.60"
2015.08.13,"1,174.60"
2015.08.17,"1,183.00"
2015.08.18,"1,182.00"
2015.08.19,"1,182.50"
2015.08.20,"1,190.00"
2015.08.21,"1,194.00"
2015.08.24,"1,201.80"
2015.08.25,"1,183.00"
2015.08.26,"1,187.10"
2015.08.27,"1,180.00"
2015.08.28,"1,177.00"
2015.08.31,"1,182.50"
2015.09.01,"1,176.00"
2015.09.02,"1,184.00"
2015.09.03,"1,190.30"
2015.09.04,"1,191.30"
2015.09.07,"1,204.30"
2015.09.08,"1,197.50"
2015.09.09,"1,193.50"
2015.09.10,"1,186.50"
2015.09.11,"1,186.00"
2015.09.14,"1,182.50"
2015.09.15,"1,181.50"
2015.09.16,"1,174.50"
2015.09.17,"1,167.50"
2015.09.18,"1,162.00"
2015.09.21,"1,176.50"
2015.09.22,"1,182.50"
2015.09.23,"1,189.50"
2015.09.24,"1,194.00"
2015.09.25,"1,194.00"
2015.09.30,"1,181.50"
2015.10.01,"1,177.00"
2015.10.02,"1,183.00"
2015.10.05,"1,168.00"
2015.10.06,"1,167.00"
2015.10.07,"1,157.00"
2015.10.08,"1,161.50"
2015.10.12,"1,144.00"
2015.10.13,"1,149.50"
2015.10.14,"1,145.00"
2015.10.15,"1,127.00"
2015.10.16,"1,133.00"
2015.10.19,"1,123.50"
2015.10.20,"1,132.00"
2015.10.21,"1,137.00"
2015.10.22,"1,138.00"
2015.10.23,"1,128.00"
2015.10.26,"1,132.50"
2015.10.27,"1,133.50"
2015.10.28,"1,131.50"
2015.10.29,"1,144.50"
2015.10.30,"1,138.50"
2015.11.02,"1,140.50"
2015.11.03,"1,133.50"
2015.11.04,"1,133.50"
2015.11.05,"1,138.50"
2015.11.06,"1,142.00"
2015.11.09,"1,159.00"
2015.11.10,"1,158.50"
2015.11.11,"1,156.00"
2015.11.12,"1,159.50"
2015.11.13,"1,166.00"
2015.11.16,"1,172.30"
2015.11.17,"1,172.50"
2015.11.18,"1,171.00"
2015.11.19,"1,164.00"
2015.11.20,"1,156.50"
2015.11.23,"1,159.50"
2015.11.24,"1,153.80"
2015.11.25,"1,144.00"
2015.11.26,"1,149.50"
2015.11.27,"1,156.00"
2015.11.30,"1,158.00"
2015.12.01,"1,158.00"
2015.12.02,"1,163.50"
2015.12.03,"1,164.50"
2015.12.04,"1,161.00"
2015.12.07,"1,168.00"
2015.12.08,"1,177.50"
2015.12.09,"1,182.00"
2015.12.10,"1,181.00"
2015.12.11,"1,181.50"
2015.12.14,"1,185.50"
2015.12.15,"1,181.00"
2015.12.16,"1,177.00"
2015.12.17,"1,180.50"
2015.12.18,"1,184.00"
2015.12.21,"1,177.50"
2015.12.22,"1,171.00"
2015.12.23,"1,176.50"
2015.12.24,"1,170.50"
2015.12.28,"1,166.00"
2015.12.29,"1,168.50"
2015.12.30,"1,173.00"
2015.12.31,"1,177.50"
2016.01.04,"1,189.50"
2016.01.05,"1,189.50"
2016.01.06,"1,200.00"
2016.01.07,"1,200.20"
2016.01.08,"1,199.50"
2016.01.11,"1,206.50"
2016.01.12,"1,212.50"
2016.01.13,"1,204.00"
2016.01.14,"1,214.00"
2016.01.15,"1,215.00"
2016.01.18,"1,211.50"
2016.01.19,"1,206.50"
2016.01.20,"1,216.50"
2016.01.21,"1,213.50"
2016.01.22,"1,199.00"
2016.01.25,"1,197.50"
2016.01.26,"1,205.00"
2016.01.27,"1,203.00"
2016.01.28,"1,206.00"
2016.01.29,"1,204.50"
2016.02.01,"1,202.50"
2016.02.02,"1,209.00"
2016.02.03,"1,217.00"
2016.02.04,"1,198.50"
2016.02.05,"1,197.50"
2016.02.11,"1,202.50"
2016.02.12,"1,208.00"
2016.02.15,"1,208.50"
2016.02.16,"1,215.00"
2016.02.17,"1,227.00"
2016.02.18,"1,229.50"
2016.02.19,"1,233.00"
2016.02.22,"1,231.50"
2016.02.23,"1,232.50"
2016.02.24,"1,234.50"
2016.02.25,"1,241.00"
2016.02.26,"1,236.50"
2016.02.29,"1,236.50"
2016.03.02,"1,228.00"
2016.03.03,"1,215.50"
2016.03.04,"1,207.00"
2016.03.07,"1,205.00"
2016.03.08,"1,208.50"
2016.03.09,"1,215.00"
2016.03.10,"1,201.00"
2016.03.11,"1,194.00"
2016.03.14,"1,187.50"
2016.03.15,"1,190.00"
2016.03.16,"1,193.40"
2016.03.17,"1,170.00"
2016.03.18,"1,162.50"
2016.03.21,"1,160.00"
2016.03.22,"1,159.00"
2016.03.23,"1,161.50"
2016.03.24,"1,167.00"
2016.03.25,"1,170.00"
2016.03.28,"1,166.00"
2016.03.29,"1,165.50"
2016.03.30,"1,147.00"
2016.03.31,"1,140.50"
2016.04.01,"1,152.00"
2016.04.04,"1,150.00"
2016.04.05,"1,160.00"
2016.04.06,"1,160.00"
2016.04.07,"1,154.00"
2016.04.08,"1,153.50"
2016.04.11,"1,147.00"
2016.04.12,"1,143.50"
2016.04.14,"1,154.50"
2016.04.15,"1,148.00"
2016.04.18,"1,148.00"
2016.04.19,"1,133.50"
2016.04.20,"1,132.50"
2016.04.21,"1,135.00"
2016.04.22,"1,143.50"
2016.04.25,"1,148.00"
2016.04.26,"1,149.50"
2016.04.27,"1,149.00"
2016.04.28,"1,138.50"
2016.04.29,"1,140.50"
2016.05.02,"1,138.50"
2016.05.03,"1,140.20"
2016.05.04,"1,155.50"
2016.05.09,"1,169.00"
2016.05.10,"1,171.00"
2016.05.11,"1,170.00"
2016.05.12,"1,167.00"
2016.05.13,"1,171.50"
2016.05.16,"1,177.50"
2016.05.17,"1,175.50"
2016.05.18,"1,184.50"
2016.05.19,"1,191.50"
2016.05.20,"1,191.50"
2016.05.23,"1,184.50"
2016.05.24,"1,192.50"
2016.05.25,"1,183.00"
2016.05.26,"1,182.50"
2016.05.27,"1,180.00"
2016.05.30,"1,191.50"
2016.05.31,"1,191.00"
2016.06.01,"1,192.50"
2016.06.02,"1,187.50"
2016.06.03,"1,186.00"
2016.06.07,"1,156.50"
2016.06.08,"1,152.50"
2016.06.09,"1,159.50"
2016.06.10,"1,166.00"
2016.06.13,"1,174.00"
2016.06.14,"1,179.00"
2016.06.15,"1,173.00"
2016.06.16,"1,178.00"
2016.06.17,"1,174.00"
2016.06.20,"1,159.00"
2016.06.21,"1,153.50"
2016.06.22,"1,152.00"
2016.06.23,"1,146.30"
2016.06.24,"1,173.00"
2016.06.27,"1,183.50"
2016.06.28,"1,168.50"
2016.06.29,"1,158.00"
2016.06.30,"1,151.00"
2016.07.01,"1,148.00"
2016.07.04,"1,147.90"
2016.07.05,"1,157.00"
2016.07.06,"1,164.00"
2016.07.07,"1,155.50"
2016.07.08,"1,157.00"
2016.07.11,"1,148.80"
2016.07.12,"1,148.00"
2016.07.13,"1,146.50"
2016.07.14,"1,136.00"
2016.07.15,"1,135.00"
2016.07.18,"1,138.30"
2016.07.19,"1,142.50"
2016.07.20,"1,142.00"
2016.07.21,"1,139.50"
2016.07.22,"1,138.00"
2016.07.25,"1,138.50"
2016.07.26,"1,138.00"
2016.07.27,"1,134.50"
2016.07.28,"1,128.00"
2016.07.29,"1,116.00"
2016.08.01,"1,108.00"
2016.08.02,"1,107.50"
2016.08.03,"1,118.00"
2016.08.04,"1,114.80"
2016.08.05,"1,113.30"
2016.08.08,"1,108.50"
2016.08.09,"1,105.50"
2016.08.10,"1,094.00"
2016.08.11,"1,101.00"
2016.08.12,"1,104.50"
2016.08.16,"1,093.50"
2016.08.17,"1,112.00"
2016.08.18,"1,110.50"
2016.08.19,"1,120.00"
2016.08.22,"1,123.00"
2016.08.23,"1,117.50"
2016.08.24,"1,122.50"
2016.08.25,"1,116.50"
2016.08.26,"1,114.80"
2016.08.29,"1,123.00"
2016.08.30,"1,118.00"
2016.08.31,"1,118.00"
2016.09.01,"1,122.50"
2016.09.02,"1,117.00"
2016.09.05,"1,106.50"
2016.09.06,"1,107.00"
2016.09.07,"1,090.50"
2016.09.08,"1,091.00"
2016.09.09,"1,106.00"
2016.09.12,"1,117.00"
2016.09.13,"1,125.50"
2016.09.19,"1,121.00"
2016.09.20,"1,119.50"
2016.09.21,"1,116.00"
2016.09.22,"1,101.00"
2016.09.23,"1,103.50"
2016.09.26,"1,109.00"
2016.09.27,"1,100.00"
2016.09.28,"1,098.50"
2016.09.29,"1,100.50"
2016.09.30,"1,104.00"
2016.10.04,"1,110.00"
2016.10.05,"1,114.00"
2016.10.06,"1,117.50"
2016.10.07,"1,115.50"
2016.10.10,"1,111.50"
2016.10.11,"1,124.00"
2016.10.12,"1,128.00"
2016.10.13,"1,135.50"
2016.10.14,"1,133.50"
2016.10.17,"1,140.50"
2016.10.18,"1,129.00"
2016.10.19,"1,123.00"
2016.10.20,"1,128.50"
2016.10.21,"1,141.00"
2016.10.24,"1,133.00"
2016.10.25,"1,133.50"
2016.10.26,"1,135.50"
2016.10.27,"1,144.50"
2016.10.28,"1,145.50"
2016.10.31,"1,145.00"
2016.11.01,"1,142.00"
2016.11.02,"1,144.00"
2016.11.03,"1,142.50"
2016.11.04,"1,145.00"
2016.11.07,"1,144.00"
2016.11.08,"1,137.00"
2016.11.09,"1,154.00"
2016.11.10,"1,159.00"
2016.11.11,"1,167.00"
2016.11.14,"1,174.00"
2016.11.15,"1,168.00"
2016.11.16,"1,174.00"
2016.11.17,"1,176.00"
2016.11.18,"1,177.00"
2016.11.21,"1,179.00"
2016.11.22,"1,176.50"
2016.11.23,"1,176.50"
2016.11.24,"1,181.00"
2016.11.25,"1,177.50"
2016.11.28,"1,175.50"
2016.11.29,"1,173.50"
2016.11.30,"1,173.00"
2016.12.01,"1,170.50"
2016.12.02,"1,173.00"
2016.12.05,"1,173.50"
2016.12.06,"1,171.00"
2016.12.07,"1,163.00"
2016.12.08,"1,162.00"
2016.12.09,"1,173.00"
2016.12.12,"1,169.50"
2016.12.13,"1,167.00"
2016.12.14,"1,168.00"
2016.12.15,"1,185.00"
2016.12.16,"1,187.00"
2016.12.19,"1,189.00"
2016.12.20,"1,196.00"
2016.12.21,"1,195.50"
2016.12.22,"1,204.50"
2016.12.23,"1,205.00"
2016.12.26,"1,201.50"
2016.12.27,"1,207.00"
2016.12.28,"1,212.50"
2016.12.29,"1,210.00"
2016.12.30,"1,205.00"
2017.01.02,"1,210.00"
2017.01.03,"1,207.00"
2017.01.04,"1,203.00"
2017.01.05,"1,190.00"
2017.01.06,"1,196.50"
2017.01.09,"1,204.50"
2017.01.10,"1,200.50"
2017.01.11,"1,199.00"
2017.01.12,"1,179.50"
2017.01.13,"1,175.50"
2017.01.16,"1,184.00"
2017.01.17,"1,170.00"
2017.01.18,"1,171.50"
2017.01.19,"1,178.00"
2017.01.20,"1,176.00"
2017.01.23,"1,169.00"
2017.01.24,"1,166.50"
2017.01.25,"1,166.00"
2017.01.26,"1,167.00"
2017.01.31,"1,162.00"
2017.02.01,"1,158.00"
2017.02.02,"1,143.50"
2017.02.03,"1,148.00"
2017.02.06,"1,138.00"
2017.02.07,"1,148.00"
2017.02.08,"1,146.00"
2017.02.09,"1,144.00"
2017.02.10,"1,150.00"
2017.02.13,"1,150.50"
2017.02.14,"1,138.00"
2017.02.15,"1,141.00"
2017.02.16,"1,141.00"
2017.02.17,"1,150.00"
2017.02.20,"1,147.50"
2017.02.21,"1,147.00"
2017.02.22,"1,144.50"
2017.02.23,"1,136.50"
2017.02.24,"1,131.00"
2017.02.27,"1,134.50"
2017.02.28,"1,130.00"
2017.03.02,"1,144.50"
2017.03.03,"1,157.00"
2017.03.06,"1,155.00"
2017.03.07,"1,149.50"
2017.03.08,"1,152.50"
2017.03.09,"1,160.00"
2017.03.10,"1,155.50"
2017.03.13,"1,147.50"
2017.03.14,"1,150.50"
2017.03.15,"1,147.00"
2017.03.16,"1,130.00"
2017.03.17,"1,131.00"
2017.03.20,"1,118.00"
2017.03.21,"1,119.50"
2017.03.22,"1,121.00"
2017.03.23,"1,121.50"
2017.03.24,"1,122.50"
2017.03.27,"1,108.50"
2017.03.28,"1,113.50"
2017.03.29,"1,113.60"
2017.03.30,"1,118.00"
2017.03.31,"1,118.50"
2017.04.03,"1,118.00"
2017.04.04,"1,124.50"
2017.04.05,"1,127.50"
2017.04.06,"1,131.00"
2017.04.07,"1,136.00"
2017.04.10,"1,143.00"
2017.04.11,"1,145.50"
2017.04.12,"1,140.00"
2017.04.13,"1,131.50"
2017.04.14,"1,142.00"
2017.04.17,"1,138.00"
2017.04.18,"1,143.00"
2017.04.19,"1,140.50"
2017.04.20,"1,138.00"
2017.04.21,"1,136.00"
2017.04.24,"1,129.50"
2017.04.25,"1,130.50"
2017.04.26,"1,131.50"
2017.04.27,"1,134.00"
2017.04.28,"1,140.50"
2017.05.02,"1,131.00"
2017.05.04,"1,136.50"
2017.05.08,"1,132.80"
2017.05.10,"1,136.00"
2017.05.11,"1,130.50"
2017.05.12,"1,129.00"
2017.05.15,"1,122.00"
2017.05.16,"1,116.00"
2017.05.17,"1,120.50"
2017.05.18,"1,132.00"
2017.05.19,"1,123.00"
2017.05.22,"1,118.50"
2017.05.23,"1,123.50"
2017.05.24,"1,123.00"
2017.05.25,"1,120.50"
2017.05.26,"1,119.00"
2017.05.29,"1,122.50"
2017.05.30,"1,125.00"
2017.05.31,"1,118.50"
2017.06.01,"1,122.00"
2017.06.02,"1,123.00"
2017.06.05,"1,120.00"
2017.06.07,"1,124.50"
2017.06.08,"1,123.00"
2017.06.09,"1,125.00"
2017.06.12,"1,132.00"
2017.06.13,"1,128.50"
2017.06.14,"1,123.50"
2017.06.15,"1,129.00"
2017.06.16,"1,134.00"
2017.06.19,"1,135.00"
2017.06.20,"1,140.00"
2017.06.21,"1,142.00"
2017.06.22,"1,143.00"
2017.06.23,"1,138.50"
2017.06.26,"1,134.00"
2017.06.27,"1,138.50"
2017.06.28,"1,144.00"
2017.06.29,"1,143.50"
2017.06.30,"1,145.00"
2017.07.03,"1,149.50"
2017.07.04,"1,151.00"
2017.07.05,"1,154.50"
2017.07.06,"1,157.50"
2017.07.07,"1,154.50"
2017.07.10,"1,150.50"
2017.07.11,"1,151.50"
2017.07.12,"1,143.00"
2017.07.13,"1,138.00"
2017.07.14,"1,133.50"
2017.07.17,"1,128.00"
2017.07.18,"1,124.50"
2017.07.19,"1,122.50"
2017.07.20,"1,125.00"
2017.07.21,"1,119.00"
2017.07.24,"1,115.00"
2017.07.25,"1,117.00"
2017.07.26,"1,120.00"
2017.07.27,"1,115.30"
2017.07.28,"1,123.00"
2017.07.31,"1,120.50"
2017.08.01,"1,123.00"
2017.08.02,"1,124.50"
2017.08.03,"1,128.50"
2017.08.04,"1,126.00"
2017.08.07,"1,130.00"
2017.08.08,"1,126.50"
2017.08.09,"1,139.50"
2017.08.10,"1,142.00"
2017.08.11,"1,145.50"
2017.08.14,"1,141.50"
2017.08.16,"1,140.00"
2017.08.17,"1,139.50"
2017.08.18,"1,141.50"
2017.08.21,"1,139.50"
2017.08.22,"1,134.50"
2017.08.23,"1,132.00"
2017.08.24,"1,128.00"
2017.08.25,"1,127.00"
2017.08.28,"1,121.00"
2017.08.29,"1,126.00"
2017.08.30,"1,125.50"
2017.08.31,"1,127.00"
2017.09.01,"1,120.50"
2017.09.04,"1,131.50"
2017.09.05,"1,131.00"
2017.09.06,"1,134.00"
2017.09.07,"1,129.00"
2017.09.08,"1,131.00"
2017.09.11,"1,135.00"
2017.09.12,"1,130.00"
2017.09.13,"1,128.50"
2017.09.14,"1,136.00"
2017.09.15,"1,132.50"
2017.09.18,"1,128.50"
2017.09.19,"1,131.50"
2017.09.20,"1,129.50"
2017.09.21,"1,134.00"
2017.09.22,"1,134.50"
2017.09.25,"1,134.50"
2017.09.26,"1,139.10"
2017.09.27,"1,144.50"
2017.09.28,"1,148.00"
2017.09.29,"1,146.50"
2017.10.10,"1,135.00"
2017.10.11,"1,135.00"
2017.10.12,"1,134.00"
2017.10.13,"1,127.50"
2017.10.16,"1,129.00"
2017.10.17,"1,132.50"
2017.10.18,"1,132.60"
2017.10.19,"1,133.00"
2017.10.20,"1,132.50"
2017.10.23,"1,131.00"
2017.10.24,"1,130.00"
2017.10.25,"1,127.50"
2017.10.26,"1,125.50"
2017.10.27,"1,131.00"
2017.10.30,"1,125.00"
2017.10.31,"1,119.50"
2017.11.01,"1,115.00"
2017.11.02,"1,113.50"
2017.11.03,"1,115.50"
2017.11.06,"1,114.50"
2017.11.07,"1,113.50"
2017.11.08,"1,115.40"
2017.11.09,"1,119.00"
2017.11.10,"1,119.60"
2017.11.13,"1,121.00"
2017.11.14,"1,118.00"
2017.11.15,"1,108.00"
2017.11.16,"1,099.00"
2017.11.17,"1,099.50"
2017.11.20,"1,099.50"
2017.11.21,"1,093.00"
2017.11.22,"1,091.50"
2017.11.23,"1,086.00"
2017.11.24,"1,086.50"
2017.11.27,"1,089.50"
2017.11.28,"1,082.00"
2017.11.29,"1,079.00"
2017.11.30,"1,088.00"
2017.12.01,"1,087.00"
2017.12.04,"1,088.00"
2017.12.05,"1,088.00"
2017.12.06,"1,093.50"
2017.12.07,"1,094.50"
2017.12.08,"1,095.00"
2017.12.11,"1,092.00"
2017.12.12,"1,091.50"
2017.12.13,"1,092.50"
2017.12.14,"1,089.00"
2017.12.15,"1,090.00"
2017.12.18,"1,088.50"
2017.12.19,"1,085.00"
2017.12.20,"1,083.50"
2017.12.21,"1,082.20"
2017.12.22,"1,080.00"
2017.12.26,"1,076.00"
2017.12.27,"1,076.00"
2017.12.28,"1,071.00"
2017.12.29,"1,068.50"
2018.01.02,"1,063.50"
2018.01.03,"1,067.00"
2018.01.04,"1,064.50"
2018.01.05,"1,064.50"
2018.01.08,"1,068.00"
2018.01.09,"1,070.00"
2018.01.10,"1,070.00"
2018.01.11,"1,071.50"
2018.01.12,"1,065.00"
2018.01.15,"1,065.50"
2018.01.16,"1,064.80"
2018.01.17,"1,070.50"
2018.01.18,"1,070.50"
2018.01.19,"1,068.50"
2018.01.22,"1,071.50"
2018.01.23,"1,076.50"
2018.01.24,"1,068.00"
2018.01.25,"1,062.50"
2018.01.26,"1,066.50"
2018.01.29,"1,071.80"
2018.01.30,"1,072.00"
2018.01.31,"1,068.00"
2018.02.01,"1,073.00"
2018.02.02,"1,086.50"
2018.02.05,"1,090.50"
2018.02.06,"1,088.00"
2018.02.07,"1,085.00"
2018.02.08,"1,091.00"
2018.02.09,"1,091.00"
2018.02.12,"1,085.00"
2018.02.13,"1,085.00"
2018.02.14,"1,079.00"
2018.02.19,"1,068.50"
2018.02.20,"1,074.00"
2018.02.21,"1,076.00"
2018.02.22,"1,084.00"
2018.02.23,"1,078.50"
2018.02.26,"1,072.50"
2018.02.27,"1,072.00"
2018.02.28,"1,082.50"
2018.03.02,"1,083.00"
2018.03.05,"1,081.50"
2018.03.06,"1,071.00"
2018.03.07,"1,069.50"
2018.03.08,"1,072.00"
2018.03.09,"1,071.20"
2018.03.12,"1,067.50"
2018.03.13,"1,065.00"
2018.03.14,"1,064.50"
2018.03.15,"1,066.50"
2018.03.16,"1,068.50"
2018.03.19,"1,074.00"
2018.03.20,"1,071.50"
2018.03.21,"1,072.00"
2018.03.22,"1,080.00"
2018.03.23,"1,079.00"
2018.03.26,"1,079.50"
2018.03.27,"1,074.00"
2018.03.28,"1,069.00"
2018.03.29,"1,066.00"
2018.03.30,"1,063.00"
2018.04.02,"1,055.50"
2018.04.03,"1,056.00"
2018.04.04,"1,064.00"
2018.04.05,"1,060.00"
2018.04.06,"1,069.00"
2018.04.09,"1,069.50"
2018.04.10,"1,068.00"
2018.04.11,"1,069.50"
2018.04.12,"1,072.00"
2018.04.13,"1,069.00"
2018.04.16,"1,073.50"
2018.04.17,"1,069.50"
2018.04.18,"1,066.00"
2018.04.19,"1,062.00"
2018.04.20,"1,070.50"
2018.04.23,"1,077.00"
2018.04.24,"1,078.00"
2018.04.25,"1,082.50"
2018.04.26,"1,077.00"
2018.04.27,"1,073.00"
2018.04.30,"1,070.50"
2018.05.02,"1,076.50"
2018.05.03,"1,075.50"
2018.05.04,"1,077.00"
2018.05.08,"1,079.00"
2018.05.09,"1,079.00"
2018.05.10,"1,072.00"
2018.05.11,"1,067.00"
2018.05.14,"1,069.50"
2018.05.15,"1,077.00"
2018.05.16,"1,081.50"
2018.05.17,"1,081.00"
2018.05.18,"1,082.00"
2018.05.21,"1,085.40"
2018.05.23,"1,082.50"
2018.05.24,"1,079.00"
2018.05.25,"1,079.00"
2018.05.28,"1,075.00"
2018.05.29,"1,080.00"
2018.05.30,"1,080.00"
2018.05.31,"1,078.00"
2018.06.01,"1,075.50"
2018.06.04,"1,070.00"
2018.06.05,"1,071.00"
2018.06.07,"1,069.50"
2018.06.08,"1,077.00"
2018.06.11,"1,075.50"
2018.06.12,"1,078.00"
2018.06.14,"1,082.50"
2018.06.15,"1,099.00"
2018.06.18,"1,104.50"
2018.06.19,"1,116.00"
2018.06.20,"1,106.50"
2018.06.21,"1,112.50"
2018.06.22,"1,112.50"
2018.06.25,"1,115.20"
2018.06.26,"1,118.00"
2018.06.27,"1,120.00"
2018.06.28,"1,124.00"
2018.06.29,"1,114.50"
2018.07.02,"1,121.00"
2018.07.03,"1,115.00"
2018.07.04,"1,117.00"
2018.07.05,"1,119.00"
2018.07.06,"1,117.00"
2018.07.09,"1,112.50"
2018.07.10,"1,117.00"
2018.07.11,"1,122.00"
2018.07.12,"1,126.00"
2018.07.13,"1,133.00"
2018.07.16,"1,129.00"
2018.07.17,"1,127.50"
2018.07.18,"1,133.20"
2018.07.19,"1,138.00"
2018.07.20,"1,135.00"
2018.07.23,"1,135.00"
2018.07.24,"1,132.50"
2018.07.25,"1,125.00"
2018.07.26,"1,121.00"
2018.07.27,"1,118.00"
2018.07.30,"1,118.00"
2018.07.31,"1,118.50"
2018.08.01,"1,119.50"
2018.08.02,"1,129.50"
2018.08.03,"1,127.00"
2018.08.06,"1,126.00"
2018.08.07,"1,121.00"
2018.08.08,"1,121.50"
2018.08.09,"1,119.00"
2018.08.10,"1,129.50"
2018.08.13,"1,135.00"
2018.08.14,"1,130.00"
2018.08.16,"1,129.00"
2018.08.17,"1,125.00"
2018.08.20,"1,122.50"
2018.08.21,"1,119.00"
2018.08.22,"1,119.00"
2018.08.23,"1,122.50"
2018.08.24,"1,117.50"
2018.08.27,"1,114.00"
2018.08.28,"1,107.00"
2018.08.29,"1,114.00"
2018.08.30,"1,110.50"
2018.08.31,"1,117.50"
2018.09.03,"1,113.00"
2018.09.04,"1,117.50"
2018.09.05,"1,123.50"
2018.09.06,"1,122.00"
2018.09.07,"1,124.00"
2018.09.10,"1,129.00"
2018.09.11,"1,128.50"
2018.09.12,"1,128.50"
2018.09.13,"1,122.50"
2018.09.14,"1,119.50"
2018.09.17,"1,126.50"
2018.09.18,"1,124.00"
2018.09.19,"1,122.00"
2018.09.20,"1,119.00"
2018.09.21,"1,116.50"
2018.09.27,"1,112.50"
2018.09.28,"1,111.00"
2018.10.01,"1,111.50"
2018.10.02,"1,120.00"
2018.10.04,"1,129.50"
2018.10.05,"1,130.50"
2018.10.08,"1,138.00"
2018.10.10,"1,136.80"
2018.10.11,"1,142.00"
2018.10.12,"1,133.00"
2018.10.15,"1,133.00"
2018.10.16,"1,124.50"
2018.10.17,"1,127.00"
2018.10.18,"1,135.50"
2018.10.19,"1,132.50"
2018.10.22,"1,132.00"
2018.10.23,"1,137.50"
2018.10.24,"1,134.00"
2018.10.25,"1,138.00"
2018.10.26,"1,142.50"
2018.10.29,"1,142.00"
2018.10.30,"1,139.50"
2018.10.31,"1,140.50"
2018.11.01,"1,133.00"
2018.11.02,"1,118.00"
2018.11.05,"1,125.00"
2018.11.06,"1,124.50"
2018.11.07,"1,121.00"
2018.11.08,"1,117.00"
2018.11.09,"1,129.00"
2018.11.12,"1,137.50"
2018.11.13,"1,134.00"
2018.11.14,"1,133.00"
2018.11.15,"1,131.00"
2018.11.16,"1,132.00"
2018.11.19,"1,127.50"
2018.11.20,"1,128.50"
2018.11.21,"1,130.00"
2018.11.22,"1,130.50"
2018.11.23,"1,132.50"
2018.11.26,"1,129.00"
2018.11.27,"1,130.00"
2018.11.28,"1,128.50"
2018.11.29,"1,121.00"
2018.11.30,"1,122.00"
2018.12.03,"1,113.00"
2018.12.04,"1,106.50"
2018.12.05,"1,113.50"
2018.12.06,"1,121.50"
2018.12.07,"1,122.50"
2018.12.10,"1,128.00"
2018.12.11,"1,130.50"
2018.12.12,"1,129.00"
2018.12.13,"1,125.00"
2018.12.14,"1,134.50"
2018.12.17,"1,131.50"
2018.12.18,"1,129.50"
2018.12.19,"1,126.50"
2018.12.20,"1,123.00"
2018.12.21,"1,124.50"
2018.12.24,"1,126.00"
2018.12.26,"1,125.80"
2018.12.27,"1,122.00"
2018.12.28,"1,117.00"
2018.12.31,"1,116.00"
2019.01.02,"1,122.50"
2019.01.03,"1,127.50"
2019.01.04,"1,124.00"
2019.01.07,"1,120.00"
2019.01.08,"1,126.00"
2019.01.09,"1,121.70"
2019.01.10,"1,119.00"
2019.01.11,"1,116.00"
2019.01.14,"1,123.50"
2019.01.15,"1,124.00"
2019.01.16,"1,122.50"
2019.01.17,"1,124.00"
2019.01.18,"1,122.50"
2019.01.21,"1,130.50"
2019.01.22,"1,132.00"
2019.01.23,"1,128.50"
2019.01.24,"1,130.00"
2019.01.25,"1,121.00"
2019.01.28,"1,119.00"
2019.01.29,"1,119.00"
2019.01.30,"1,118.50"
2019.01.31,"1,113.00"
2019.02.01,"1,119.00"
2019.02.07,"1,126.00"
2019.02.08,"1,124.00"
2019.02.11,"1,125.50"
2019.02.12,"1,125.50"
2019.02.13,"1,123.00"
2019.02.14,"1,127.00"
2019.02.15,"1,129.50"
2019.02.18,"1,126.00"
2019.02.19,"1,128.50"
2019.02.20,"1,123.50"
2019.02.21,"1,126.00"
2019.02.22,"1,125.00"
2019.02.25,"1,120.00"
2019.02.26,"1,118.50"
2019.02.27,"1,119.00"
2019.02.28,"1,124.00"
2019.03.04,"1,127.00"
2019.03.05,"1,126.50"
2019.03.06,"1,129.00"
2019.03.07,"1,129.50"
2019.03.08,"1,137.00"
2019.03.11,"1,134.50"
2019.03.12,"1,131.00"
2019.03.13,"1,132.50"
2019.03.14,"1,136.00"
2019.03.15,"1,136.50"
2019.03.18,"1,133.50"
2019.03.19,"1,130.50"
2019.03.20,"1,130.50"
2019.03.21,"1,129.00"
2019.03.22,"1,134.00"
2019.03.25,"1,134.00"
2019.03.26,"1,134.00"
2019.03.27,"1,137.00"
2019.03.28,"1,137.50"
2019.03.29,"1,137.00"
2019.04.01,"1,135.00"
2019.04.02,"1,137.00"
2019.04.03,"1,134.50"
2019.04.04,"1,137.00"
2019.04.05,"1,138.00"
2019.04.08,"1,145.00"
2019.04.09,"1,140.50"
2019.04.10,"1,138.50"
2019.04.11,"1,140.50"
2019.04.12,"1,137.00"
2019.04.15,"1,133.50"
2019.04.16,"1,136.50"
2019.04.17,"1,133.50"
2019.04.18,"1,138.00"
2019.04.19,"1,136.50"
2019.04.22,"1,141.50"
2019.04.23,"1,142.50"
2019.04.24,"1,151.00"
2019.04.25,"1,163.00"
2019.04.26,"1,161.00"
2019.04.29,"1,160.50"
2019.04.30,"1,167.00"
2019.05.02,"1,164.50"
2019.05.03,"1,170.00"
2019.05.07,"1,169.00"
2019.05.08,"1,172.50"
2019.05.09,"1,182.50"
2019.05.10,"1,178.00"
2019.05.13,"1,187.50"
2019.05.14,"1,187.50"
2019.05.15,"1,190.50"
2019.05.16,"1,190.00"
2019.05.17,"1,195.50"
2019.05.20,"1,195.00"
2019.05.21,"1,195.00"
2019.05.22,"1,190.00"
2019.05.23,"1,191.50"
2019.05.24,"1,188.00"
2019.05.27,"1,185.50"
2019.05.28,"1,189.50"
2019.05.29,"1,194.50"
2019.05.30,"1,191.50"
2019.05.31,"1,191.50"
2019.06.03,"1,182.50"
2019.06.04,"1,183.50"
2019.06.05,"1,178.00"
2019.06.07,"1,185.50"
2019.06.10,"1,186.50"
2019.06.11,"1,181.50"
2019.06.12,"1,183.00"
2019.06.13,"1,183.00"
2019.06.14,"1,185.50"
2019.06.17,"1,187.50"
2019.06.18,"1,186.00"
2019.06.19,"1,176.50"
2019.06.20,"1,161.50"
2019.06.21,"1,163.50"
2019.06.24,"1,157.50"
2019.06.25,"1,156.00"
2019.06.26,"1,156.50"
2019.06.27,"1,156.50"
2019.06.28,"1,155.50"
2019.07.01,"1,163.00"
2019.07.02,"1,167.50"
2019.07.03,"1,170.50"
2019.07.04,"1,169.00"
2019.07.05,"1,171.50"
2019.07.08,"1,180.50"
2019.07.09,"1,183.00"
2019.07.10,"1,181.50"
2019.07.11,"1,174.00"
2019.07.12,"1,179.00"
2019.07.15,"1,180.00"
2019.07.16,"1,178.50"
2019.07.17,"1,181.00"
2019.07.18,"1,178.50"
2019.07.19,"1,175.50"
2019.07.22,"1,177.50"
2019.07.23,"1,179.00"
2019.07.24,"1,178.50"
2019.07.25,"1,181.50"
2019.07.26,"1,184.50"
2019.07.29,"1,184.50"
2019.07.30,"1,181.00"
2019.07.31,"1,183.00"
2019.08.01,"1,189.00"
2019.08.02,"1,200.50"
2019.08.05,"1,216.00"
2019.08.06,"1,216.00"
2019.08.07,"1,215.50"
2019.08.08,"1,209.00"
2019.08.09,"1,212.00"
2019.08.12,"1,219.00"
2019.08.13,"1,223.00"
2019.08.14,"1,215.00"
2019.08.16,"1,211.00"
2019.08.19,"1,210.50"
2019.08.20,"1,209.00"
2019.08.21,"1,203.50"
2019.08.22,"1,210.00"
2019.08.23,"1,211.00"
2019.08.26,"1,214.50"
2019.08.27,"1,214.00"
2019.08.28,"1,214.50"
2019.08.29,"1,213.00"
2019.08.30,"1,209.50"
2019.09.02,"1,212.50"
2019.09.03,"1,216.00"
2019.09.04,"1,207.00"
2019.09.05,"1,200.00"
2019.09.06,"1,194.50"
2019.09.09,"1,193.00"
2019.09.10,"1,192.00"
2019.09.11,"1,194.50"
2019.09.16,"1,184.00"
2019.09.17,"1,191.00"
2019.09.18,"1,192.00"
2019.09.19,"1,195.00"
2019.09.20,"1,188.50"
2019.09.23,"1,197.50"
2019.09.24,"1,195.00"
2019.09.25,"1,200.50"
2019.09.26,"1,200.50"
2019.09.27,"1,200.00"
2019.09.30,"1,199.00"
2019.10.01,"1,201.50"
2019.10.02,"1,207.00"
2019.10.04,"1,197.00"
2019.10.07,"1,198.00"
2019.10.08,"1,196.50"
2019.10.10,"1,195.00"
2019.10.11,"1,186.00"
2019.10.14,"1,185.50"
2019.10.15,"1,186.40"
2019.10.16,"1,189.50"
2019.10.17,"1,180.00"
2019.10.18,"1,181.00"
2019.10.21,"1,172.00"
2019.10.22,"1,173.00"
2019.10.23,"1,173.00"
2019.10.24,"1,173.50"
2019.10.25,"1,174.50"
2019.10.28,"1,170.50"
2019.10.29,"1,168.00"
2019.10.30,"1,166.50"
2019.10.31,"1,168.50"
2019.11.01,"1,167.00"
2019.11.04,"1,160.50"
2019.11.05,"1,156.00"
2019.11.06,"1,158.50"
2019.11.07,"1,156.00"
2019.11.08,"1,157.50"
2019.11.11,"1,165.50"
2019.11.12,"1,163.50"
2019.11.13,"1,169.50"
2019.11.14,"1,170.50"
2019.11.15,"1,167.00"
2019.11.18,"1,165.50"
2019.11.19,"1,166.50"
2019.11.20,"1,170.50"
2019.11.21,"1,175.50"
2019.11.22,"1,178.00"
2019.11.25,"1,176.50"
2019.11.26,"1,177.50"
2019.11.27,"1,177.50"
2019.11.28,"1,179.00"
2019.11.29,"1,180.00"
2019.12.02,"1,185.00"
2019.12.03,"1,190.00"
2019.12.04,"1,193.00"
2019.12.05,"1,191.00"
2019.12.06,"1,189.50"
2019.12.09,"1,191.00"
2019.12.10,"1,192.00"
2019.12.11,"1,194.70"
2019.12.12,"1,189.00"
2019.12.13,"1,172.00"
2019.12.16,"1,173.00"
2019.12.17,"1,166.00"
